hash,count
69496448,1
-1898553908,1
96727,1
114801,1
583005333,1
115,1
80218181,1
2135,1
-2070900343,1
-1243052880,1
1456998445,1
78406,1
83025,1
65964,1
85918,1
72447192,1
2501,1
77646,1
-615834066,1
3543,1
-1034364087,1
3149094,1
-1896109122,1
66300266,1
3645825,1
106940924,1
3707,1
113643,1
3558823,1
3558952,1
471465562,1
-1039745817,1
110323434,1
119839,1
3616054,1
3362829,1
2605640,1
3314326,1
-991808881,1
100,1
-1289163687,1
3139,1
636733255,1
3365,1
-330473854,1
-1881997444,1
3555,1
1827208126,1
-232973818,1
3273964,1
3083215,1
116,1
3208383,1
3649734,1
3541575,1
1422799105,1
117481,1
246043532,1
97,1
3143230,1
-1367775363,1
1349413851,1
113101341,1
3343637,1
-1323535496,1
2333,1
97536,1
93614293,1
107866,1
-1224458312,1
96748,1
3377247,1
2035477926,1
3325,1
99455,1
3195240,1
102742843,1
853982760,1
3559065,1
-1386154518,1
103051,1
-1049482315,1
110777640,1
111593474,1
-1413853096,1
3046006,1
-836041066,1
3122,1
113840,1
109642094,1
3676,1
103189,1
3560141,1
1025237382,1
3423444,1
-1253087691,1
-1278142878,1
-895471450,1
3551,1
425173953,1
84049,1
-1910986747,1
109548807,1
114066,1
2057920365,1
110327130,1
-1259490430,1
110327396,1
3521,1
97436152,1
97740,1
-327707013,1
401590963,1
-795125073,1
97921,1
2997191,1
-906277200,1
201724889,1
3138864,1
1505268886,1
113321685,1
273184745,1
3371,1
110331122,1
94851265,1
3019700,1
3357,1
-1412637446,1
97621890,1
110414,1
92611469,1
1274371111,1
-902104540,1
3194691,1
107996,1
101577,1
1987349500,1
114851798,1
3135084,1
-893329623,1
3178685,1
2129323981,1
1269934139,1
-385612055,1
756705649,1
-1413047476,1
3648196,1
-734206867,1
-891990013,1
3296597,1
115028,1
104712844,1
3125530,1
3526267,1
103308,1
2605758,1
-851179773,1
-934964668,1
-833093059,1
3007214,1
3641872,1
-1073740794,1
94631196,1
3321751,1
2695002,1
3655218,1
3739,1
3094993,1
3181155,1
687309357,1
110412,1
109770997,1
-892483503,1
-1357518620,1
113953,1
-1106037339,1
-1863356540,1
-874702523,1
3536187,1
-2118473344,1
96673,1
957831062,1
-1206128436,1
-988477312,1
103314,1
3357571,1
-1383299075,1
114832,1
3655441,1
-2043672242,1
695005277,1
-1961451168,1
121380243,1
3237472,1
3202466,1
94623429,1
2433880,1
3558940,1
2129347724,1
110136053,1
110468,1
-760334308,1
3433490,1
-787751952,1
2131,1
3194931,1
96505999,1
1762399914,1
-992171396,1
94627142,1
110628746,1
3292222,1
98030,1
-1073880421,1
109270,1
-1224334299,1
-1541571401,1
1483521852,1
-1363909376,1
3123,1
112895977,1
-2018611434,1
3575455,1
1837313567,1
3317767,1
99469088,1
102540,1
98260,1
-1396673594,1
95852938,1
2379,1
-1354665387,1
97440432,1
3530173,1
-564885382,1
15479829,1
98262,1
1080413836,1
107868,1
70825,1
-906279820,1
1080652534,1
3558941,1
-1163499437,1
3198432,1
-1409235507,1
3327647,1
92746592,1
80774724,1
110115500,1
1312635980,1
3642021,1
109435293,1
2694884,1
3019820,1
1224578480,1
3363337,1
110628691,1
102970646,1
-26651397,1
-892483983,1
3015911,1
2130,1
95858704,1
3505952,1
1125964206,1
-1073910849,1
3522537,1
349788387,1
3046237,1
-1354577971,1
3496342,1
3344023,1
109435478,1
3165449,1
921353432,1
-1102478602,1
109399814,1
111375,1
3351634,1
-867832969,1
3566226,1
-1340224999,1
-1289550567,1
106006350,1
-1211583751,1
102230,1
99228,1
67169,1
3108285,1
-1323526108,1
3159,1
3116345,1
113638,1
1240152004,1
-1067310595,1
104982,1
3198785,1
1585274261,1
-906222439,1
107345,1
-418308599,1
1916593430,1
-1907941713,1
-1357537629,1
117694,1
97793930,1
866569288,1
-1249317342,1
113641,1
115168792,1
-1663206299,1
3559070,1
3536116,1
-891889961,1
108960,1
-1077469768,1
1931185254,1
-853087702,1
1419257969,1
113097563,1
3128418,1
3139199,1
-1206404986,1
110327427,1
1230765425,1
107948022,1
94756344,1
-308532960,1
1599384615,1
-1218133446,1
-1593928786,1
113747,1
-1354573888,1
113020685,1
117704,1
105827604,1
3558817,1
1223382019,1
3117,1
-1634062812,1
98619139,1
94755792,1
104709514,1
-891974708,1
-1006205373,1
109440227,1
109776634,1
696161684,1
-1741312392,1
119527,1
104087219,1
101272,1
1064901855,1
102744716,1
-793201736,1
-1414557169,1
-1019789636,1
104824775,1
97526796,1
2365,1
103894167,1
-1224458536,1
48734730,1
3424623,1
109860268,1
104418,1
94011010,1
1942983418,1
-874517061,1
3089570,1
-400605649,1
98132863,1
-618379748,1
92734940,1
3536828,1
529694900,1
2404259,1
1366682341,1
1101962606,1
3151468,1
-734239957,1
3143346,1
1302679609,1
-208525278,1
783201284,1
94425557,1
2067251000,1
97549,1
3357525,1
3357431,1
111443806,1
1888841975,1
3648314,1
-1881872635,1
3317797,1
3641801,1
-1423004545,1
97926,1
97915,1
3151786,1
-1396440608,1
1652745754,1
-995381136,1
98629247,1
3377907,1
93500857,1
3128403,1
-858626338,1
3296907,1
-840663525,1
94099488,1
-902265784,1
114841,1
117487,1
574950805,1
1363976194,1
97288,1
-1367511940,1
113318569,1
-909324265,1
108511772,1
73,1
99151926,1
-1884319283,1
3079268,1
2185552,1
-766039779,1
-1097095298,1
-308536668,1
-1392464400,1
-1338941519,1
1269494683,1
-2069023483,1
-739545672,1
109267,1
1671892479,1
-906090782,1
-1414841810,1
-673660814,1
1655019122,1
3208415,1
738943668,1
-808719889,1
-1881583316,1
93618367,1
-275451639,1
3373707,1
3542037,1
3327810,1
2106148,1
-1049045279,1
-2140574063,1
2563,1
-2140580594,1
106845584,1
42406881,1
111502311,1
950345194,1
93819183,1
3522662,1
110337037,1
1020028732,1
-1430646092,1
111,1
94755854,1
109765032,1
1525373104,1
-795193304,1
1787472634,1
-2029640462,1
3089326,1
80072253,1
298765519,1
3560192,1
110119,1
1884238498,1
1970096767,1
-1392885889,1
-859509714,1
-816343937,1
3526266,1
-566581133,1
-1237460601,1
2559,1
-566947096,1
3135069,1
109648666,1
3649235,1
109556488,1
-1965007519,1
112386354,1
-944680244,1
109757523,1
68899,1
109624925,1
3500,1
3079282,1
113884,1
3480,1
110534465,1
-1541261133,1
89087,1
2343595,1
86942,1
103066,1
3178655,1
2172218,1
-1228751758,1
-681234945,1
-903146061,1
-2041009468,1
99047136,1
65975,1
-1206312948,1
-1074341483,1
109935,1
109770883,1
-925311743,1
3537154,1
-599445191,1
1787621494,1
-1979299807,1
1934383586,1
983923388,1
113762,1
-873694573,1
99463848,1
-793050291,1
-2109065882,1
-977125980,1
-598258395,1
110331118,1
1926124408,1
-1998712879,1
2100457676,1
3641802,1
110182,1
247086366,1
104616,1
2576149,1
-1096923041,1
3357649,1
109761376,1
86729,1
1510912594,1
-85626470,1
-1781128089,1
3452485,1
107035,1
-1522037135,1
3649297,1
3381085,1
83088,1
3565875,1
-1331696526,1
2424595,1
2136014,1
-1005874764,1
1823831816,1
103504,1
50780643,1
3655434,1
87158,1
96402,1
1531653300,1
97409,1
3645716,1
-1102429527,1
3506395,1
94432955,1
-934521548,1
-1376511864,1
3377875,1
-853259901,1
3024057,1
545152567,1
404357804,1
-427039533,1
-1052618937,1
1510912552,1
1578950742,1
2100122054,1
3214227,1
104817688,1
96852,1
3125534,1
572451845,1
919021550,1
93745882,1
-1271344497,1
96891675,1
-962590849,1
109441850,1
-1856560363,1
355299177,1
-840781965,1
-1309162249,1
-2018140840,1
-1385863765,1
-791090288,1
841192639,1
-911343192,1
3181392,1
74478,1
864822569,1
1223440372,1
68981210,1
2067296585,1
-1141101955,1
2692334,1
83955,1
419756262,1
99651,1
3415980,1
-1422950896,1
105589500,1
2118887553,1
101143,1
93014996,1
2334912,1
-502306984,1
2058210567,1
-595478869,1
3556273,1
1957573442,1
3492756,1
-995792215,1
-1621979774,1
3759,1
1427938430,1
-345265309,1
109757537,1
985871161,1
1728267095,1
75265016,1
96278371,1
3645428,1
97613163,1
98256,1
-309216997,1
117606,1
-1266085216,1
-1434683927,1
-280621181,1
1809946059,1
2471311,1
-474294306,1
106748167,1
1316693890,1
5788903,1
115276,1
3065333,1
114704,1
856777644,1
-874433628,1
259244095,1
2253,1
988117744,1
99052550,1
3715123,1
-1109881165,1
-1935718728,1
2066706113,1
92961185,1
63182268,1
2529,1
2054228727,1
86952,1
68241258,1
109776372,1
1406954414,1
2684,1
103672936,1
3211,1
94935213,1
-902197771,1
-1337619771,1
-976940507,1
3321920,1
1313021909,1
95354612,1
1542255100,1
3075952,1
-672740574,1
36476472,1
80774458,1
96511,1
-781994951,1
-1854767137,1
-1890167691,1
-2127515613,1
104580,1
75038597,1
-1354814997,1
96889,1
2553,1
99151942,1
2094648431,1
-330427795,1
88775,1
92762796,1
-1867885268,1
1769018533,1
83548945,1
-1689201074,1
94925402,1
-231549732,1
-992105087,1
97705513,1
-1897195440,1
1116313165,1
65298593,1
1090493483,1
3433178,1
3645646,1
-1408417002,1
658336826,1
106916,1
93223301,1
-965481915,1
72562,1
-728412522,1
3059460,1
3377192,1
3292052,1
103910395,1
98533882,1
-737604418,1
-862428708,1
-1420601579,1
72752,1
113405357,1
-612600935,1
109522647,1
2067300293,1
-375214647,1
-892481564,1
97445748,1
-1572068756,1
-948576578,1
-2126374041,1
109265,1
-1798461621,1
2373,1
-1640863024,1
65,1
1172818164,1
545156275,1
446947490,1
-982544098,1
3552336,1
1657533362,1
1996548666,1
-500990035,1
3552429,1
-1263721964,1
-902311155,1
3194850,1
93610800,1
3029889,1
3327612,1
-1298413200,1
3571369,1
3020043,1
108685619,1
-976943172,1
109850693,1
-1221144061,1
225381424,1
93922241,1
3027034,1
-1380798726,1
-518198189,1
-1392832198,1
3357441,1
-683298241,1
3387347,1
1038198107,1
-1380616235,1
102846057,1
63344213,1
-539664771,1
113097959,1
-1350066519,1
3035641,1
-974014279,1
106069776,1
100571,1
92944859,1
1994967539,1
882745396,1
102204227,1
-1183789060,1
-982936170,1
-428842222,1
170546243,1
-771931670,1
3417674,1
3198773,1
96586,1
860524583,1
1825779806,1
3314136,1
111185,1
1203024023,1
1741803213,1
-1777103175,1
110364486,1
80623,1
76558427,1
-1102877155,1
113107383,1
-103815463,1
288459765,1
93610387,1
2987354,1
1289636286,1
-2118893617,1
-1068531200,1
109651596,1
67645097,1
-906226001,1
3198960,1
995096143,1
1360092875,1
-2090390075,1
-938103600,1
-905723276,1
113313666,1
-894674659,1
108668202,1
-1323264820,1
109399969,1
72437,1
93818879,1
95845290,1
110358814,1
-1733988983,1
1543160040,1
93113560,1
2508,1
113886,1
109764840,1
94005313,1
65921,1
95779384,1
-1278514320,1
-792933884,1
-2061942835,1
281977195,1
9946798,1
553970892,1
3075958,1
2107186210,1
3635,1
-541207418,1
93927806,1
-1039690024,1
3456,1
97425,1
-1087365524,1
2046922878,1
109323182,1
-1249497167,1
2798,1
-1291322268,1
1432511431,1
-1300557247,1
1520106178,1
3327765,1
99151507,1
1318073018,1
-6607830,1
-1881886512,1
-317615739,1
-919834586,1
110339504,1
109400042,1
218164539,1
-1243425868,1
3143098,1
671680298,1
109314361,1
1008394114,1
3742,1
-934971477,1
-1404143185,1
995542611,1
83769013,1
3046161,1
102857459,1
3092207,1
109850352,1
109,1
3148863,1
-1354853519,1
95858532,1
-891066270,1
1261921385,1
-991716523,1
3045982,1
-864995257,1
443330563,1
-979803312,1
-618144296,1
1849845423,1
-1237019925,1
3169245,1
-793000992,1
3790,1
3287941,1
-138151554,1
1742667891,1
-263948566,1
-968986705,1
346621323,1
102204232,1
3545,1
-778804728,1
-1367774164,1
-982345714,1
3649490,1
2462668,1
104991738,1
116103,1
103324392,1
-15423073,1
74100060,1
1267501486,1
102974381,1
-808297611,1
3529466,1
63058797,1
1080382802,1
-843188561,1
1671386080,1
3496350,1
3059428,1
3195115,1
1833230003,1
-675252731,1
106748362,1
-224439084,1
3569038,1
1834510612,1
-1412808770,1
-318264286,1
3370,1
2138272560,1
-2127832817,1
3143097,1
108875245,1
2368490,1
71338276,1
93929449,1
-1253046378,1
-995350384,1
-339967584,1
795847812,1
1393975055,1
2605511,1
3291998,1
106858757,1
-2029647140,1
94011321,1
-1040171424,1
-1242830710,1
768737295,1
3089282,1
-1131353987,1
-95295612,1
3540994,1
-1221253605,1
-1852747022,1
98708951,1
107877,1
3313815,1
2134666844,1
-1339453732,1
-222715109,1
98619021,1
109586094,1
3565975,1
-1240337143,1
112903375,1
1937372451,1
109871,1
-860970343,1
99044836,1
-2000515510,1
-493895205,1
-1068259250,1
-2140905505,1
3314342,1
-985774004,1
94005650,1
3005690,1
111427555,1
-1281860764,1
3347397,1
3322092,1
94928889,1
-1255142156,1
3138990,1
466131026,1
3318169,1
-720572452,1
-1068320061,1
-889606269,1
3020260,1
-1274319797,1
1603019031,1
-1106172890,1
-436781190,1
-1086515743,1
-1851104309,1
80774755,1
-1764325378,1
-1281854725,1
-1106574323,1
1757705883,1
-1263170109,1
93921962,1
113318802,1
341388460,1
-560272591,1
115029,1
3571837,1
2096979739,1
3552428,1
117910,1
-522328435,1
2092813,1
293482223,1
108386723,1
3552391,1
-1010579351,1
104086727,1
-1374176572,1
-1354571749,1
-74168508,1
-1217482369,1
-1769389658,1
203746576,1
3649700,1
110640728,1
3321596,1
698152482,1
-318247670,1
3089017,1
3556327,1
107348,1
790035214,1
109627663,1
2092627105,1
3181277,1
1415146767,1
-1096923265,1
-207088842,1
-1807790048,1
3505966,1
3213995,1
385966481,1
-1110061110,1
-703475078,1
-902286906,1
3649482,1
-1541964940,1
94104465,1
103299,1
3530753,1
110621496,1
3321548,1
50834473,1
3015894,1
1114620501,1
3612236,1
838887168,1
3002775,1
1091761859,1
-1377881982,1
-1055225904,1
-547482624,1
-2132512396,1
98347461,1
915429645,1
-209914023,1
85616120,1
-1818277237,1
64266207,1
3318015,1
1986762265,1
-1897185151,1
-1811304291,1
97536216,1
1809934711,1
3020105,1
-677145915,1
-2099921892,1
466743410,1
3135580,1
81875640,1
3571471,1
105113,1
466885788,1
409389329,1
-903568157,1
98882,1
3029653,1
686445258,1
2378,1
-1672520799,1
3524225,1
-677662361,1
2024256493,1
79698418,1
99044842,1
-1059117320,1
92611485,1
3296579,1
-678838259,1
-2013264328,1
-1831583169,1
3173137,1
-903576723,1
-414864193,1
-2132311204,1
2605629,1
3208732,1
1528019698,1
99644,1
2575925,1
-1217026176,1
3641764,1
83,1
-897087173,1
-881112188,1
239648712,1
99,1
109757398,1
3446818,1
114721,1
113622,1
3181394,1
-791086575,1
1066895253,1
96860,1
-1893554493,1
3314000,1
1202692986,1
-862878456,1
3154575,1
-1074026988,1
110339486,1
-1949060397,1
109413398,1
-718006764,1
-320336647,1
-132850417,1
109413361,1
-1146830912,1
-1896986903,1
3304,1
3267882,1
1153217225,1
2751571,1
1400608931,1
110124355,1
3023841,1
71,1
-1703820444,1
-315615134,1
-1167640370,1
-899764952,1
109865994,1
3416218,1
-1131623067,1
-1298662846,1
3506511,1
109399852,1
2114428481,1
3026556,1
108401386,1
3415681,1
93502036,1
102738331,1
-1243000084,1
-1008851410,1
3343854,1
-1263184427,1
3540684,1
2225373,1
3333041,1
819499103,1
3198564,1
109854618,1
-1380919269,1
3377194,1
-1221178642,1
-902327211,1
3559882,1
111428312,1
3237203,1
-706082363,1
-1224506590,1
-925408804,1
1355153608,1
-795224735,1
79430,1
3194991,1
-1357520532,1
-1392504806,1
109522992,1
-565986953,1
-2008465223,1
113311868,1
99469071,1
-907690001,1
3351579,1
69574509,1
109642078,1
113008383,1
-309490356,1
-568102183,1
-1354571089,1
942033467,1
-1205954495,1
-810990207,1
2715,2
102984952,1
83500,1
-829098137,1
67899228,1
-1965615147,1
114717,1
114252,1
-191012642,1
107159,1
93998129,1
-1076638319,1
1671674263,1
1512066829,1
-903144356,1
83965,1
96521,1
-730119371,1
3441014,1
93610339,1
3016191,1
949546818,1
63848375,1
-1097128919,1
93832667,1
-931190859,1
-117759745,1
2908512,1
3135268,1
-493563858,1
-599163109,1
3165170,1
-1281653412,1
-1131138723,1
88776,1
2052378,1
-903068212,1
104998682,1
2747,1
71478,1
78518,1
109757538,1
-938215090,1
124775174,1
1118815609,1
-705112156,1
-1265803371,1
110749,1
109771101,1
95848451,1
-975763332,1
66100,1
119528,1
844468266,1
93493475,1
3035599,1
66384296,1
1069376125,1
292831344,1
-899450034,1
109610287,1
-226130051,1
-895953179,1
3599293,1
-2004744658,1
503653224,1
-892492214,1
3194937,1
110115790,1
-1217487446,1
-1276666088,1
-1240083439,1
-1317750766,1
-938608818,1
1527542079,1
101145,1
99050618,1
2056323544,1
-840451150,1
1628815348,1
1050790300,1
105664230,1
-900560888,1
-2097775628,1
2144368293,1
3645311,1
-1389170092,1
-566619335,1
102194064,1
3655435,1
108704142,1
-1823897734,1
3552546,1
-224552371,1
110470,1
1796717668,1
-1165870106,1
-1408442679,1
94921639,1
-793375479,1
3083236,1
-1782234803,1
3512060,1
107947572,1
81874883,1
-1736079254,1
-1591952009,1
2106145,1
-1396226729,1
205422649,1
316232345,1
-1049376843,1
688594720,1
-128400045,1
3496916,1
3030055,1
94742904,1
1728361789,1
3111182,1
-794960318,1
110330781,1
-202715205,1
92960769,1
110990,1
117717,1
-985757667,1
100357,1
1305942142,1
-358004084,1
-372017037,1
-1790831102,1
113890,1
3704893,1
-1188628245,1
957830638,1
1972338614,1
74113692,1
-318277445,1
74526167,1
65788476,1
-874698270,1
109330445,1
112785,1
-1354818879,1
93616049,1
1519474768,1
3046192,1
1914661498,1
-1339091421,1
113101617,1
-982548769,1
84524,1
811393379,1
3381426,1
-213127189,1
279920309,1
-995426295,1
112898147,1
104079552,1
113319054,1
2051584,1
3492904,1
-840111517,1
112202875,1
-1367751899,1
-934610874,1
951543133,1
-677011630,1
2104147644,1
98120385,1
84805,1
1209140747,1
106434956,1
3178592,1
-1072564640,1
66533,1
2189571,1
107022,1
-1211515478,1
3317608,1
67339003,1
-1266283874,1
-694094064,1
106437065,1
-871931895,1
888085718,1
-1068259517,1
107856,1
3313866,1
-2094081558,1
539099937,1
106164901,1
-493887036,1
106098701,1
3138982,1
3105794,1
-518602652,1
340490341,1
80039734,1
2480301,1
81163050,1
106642798,1
315730723,1
99050633,1
104591269,1
3533483,1
-1634581357,1
-1685839139,1
-1798320201,1
102846135,1
492249102,1
-1361636432,1
108871371,1
-2068967745,1
3026866,1
-1218715461,1
120794,1
92909147,1
98794,1
-1351690824,1
1926402035,1
-795281716,1
66036631,1
931331416,1
74704913,1
109651541,1
1849965830,1
-216634360,1
3535789,1
3677,1
-895769410,1
102102,1
2320652,1
1202172337,1
2374421,1
-1650232211,1
77110445,1
1266718699,1
1926283171,1
112677,1
93493356,1
103315,1
-1923410280,1
2241619,1
3208676,1
110124231,1
93111608,1
1124446108,1
-218503555,1
1235317602,1
-456634964,1
-309542241,1
70209345,1
-1429149039,1
2462369,1
110369276,1
-333623209,1
-655921129,1
109413500,1
3016183,1
93503803,1
3202370,1
-330427815,1
-45599008,1
-12022544,1
-907977868,1
-906121128,1
93497082,1
110129026,1
2057418048,1
98367357,1
98629307,1
813473507,1
97618667,1
671194286,1
-1808110047,1
94011702,1
3452293,1
-1392975417,1
-1274253726,1
-977002956,1
101393,1
-903056619,1
3642015,1
-934646895,1
1634682932,1
-1176642493,1
-1053938185,1
3506388,1
-383640241,1
3165203,1
739094827,1
-1605867799,1
746308793,1
-808719903,1
286828592,1
-1400355777,1
-1097452790,1
3273774,1
3046051,1
95769221,1
3649544,1
108104,1
-2122862140,1
-562118541,1
-492014601,1
-545220792,1
-599449367,1
957814433,1
3016252,1
-2069868345,1
-919940862,1
1367122420,1
92909149,1
835492834,1
-429136885,1
530062443,1
-19789259,1
1025385094,1
3526149,1
861219996,1
3019826,1
1233020130,1
67875,1
84,1
69715,1
-1517571622,1
-787599482,1
-1543695434,1
2067243291,1
-1081237823,1
554426222,1
-1216167350,1
100048988,1
109799703,1
-2049557543,1
1038429708,1
787407618,1
-1383211797,1
688087612,1
104075,1
-1352294351,1
-2094363978,1
116515,1
99644940,1
94627023,1
97285,1
-1302894395,1
166931229,1
209951074,1
747457192,1
1449826542,1
1316806720,1
93924644,1
-856935945,1
3135355,1
99450322,1
927851777,1
96914,1
-1772467395,1
-1177939939,1
98450417,1
94924930,1
-1274442605,1
3139207,1
1020283480,1
103334698,1
1094743243,1
3059529,1
1349493379,1
1986002266,1
98436988,1
109624981,1
187882653,1
-898031821,1
1725984347,1
-1798859023,1
3024134,1
3655341,1
109770853,1
1703838533,1
-1355138322,1
-2000213177,1
-104338665,1
-48372004,1
109578560,1
1595507845,1
3029410,1
1043855514,1
-1064834623,1
15230004,1
94839748,1
2390542,1
-788815147,1
-880956788,1
94089999,1
2219,1
-1207109523,1
-2097588970,1
-212364160,1
-2056114370,1
-1068880338,1
-182216565,1
3552490,1
570297641,1
67273218,1
-1178251529,1
950484093,1
-262795013,1
113319020,1
466760814,1
-571785380,1
112217419,1
-1815582866,1
-938420744,1
102865796,1
-787745554,1
660387005,1
-494035753,1
3198446,1
-649505673,1
-298582269,1
83545287,1
-1412630141,1
-1167678826,1
66964,1
68380110,1
1997815692,1
97716,1
-1599488530,1
-2132868344,1
3032303,1
-1516260877,1
109413593,1
2027382605,1
2469,1
-1562504658,1
2074372,1
64951,1
2342559,1
2099,1
2573982,1
79040800,1
88063,1
86134,1
493543604,1
2663108,1
2347,1
65225559,1
88132544,1
79662,1
3500232,1
2011322524,1
-582643067,1
50656956,1
102845964,1
99470807,1
-1363561382,1
-1636487622,1
979894153,1
-323915159,1
-411726642,1
1550783935,1
96955157,1
3533108,1
-1804266784,1
109860359,1
926898465,1
1060199177,1
92932965,1
-1135252750,1
109413026,1
3288286,1
98878,1
-891980137,1
-1932602188,1
-1246178097,1
3534794,1
-1871018730,1
99155599,1
-1388770320,1
-216892368,1
-1965003230,1
95457908,1
113319035,1
548670755,1
-795274028,1
-909894182,1
109641682,1
835260319,1
2312,1
3540569,1
103769360,1
1880183383,1
113291,1
-1381030446,1
1354224091,1
81891134,1
3500751,1
385300558,1
3148894,1
850971806,1
1439115954,1
1787479252,1
-1077756671,1
-1320499647,1
-816227352,1
-826397587,1
97513456,1
239321011,1
3433174,1
1911937878,1
1503566841,1
-991937339,1
1916051426,1
-284840886,1
-554436100,1
-564852014,1
-418308419,1
2662742,1
103067,1
-344460952,1
-919662985,1
3529462,1
-1377549412,1
112905355,1
953979614,1
97920,1
3059103,1
-1645507685,1
-903572952,1
-500986983,1
-823764357,1
-1357520518,1
-2140027107,1
-1040220445,1
271095518,1
79801726,1
786361581,1
2166698,1
2497,1
-1294172031,1
1565563722,1
-1310336393,1
348742026,1
-1027489869,1
2167,1
-891207761,1
-510663909,1
1038324959,1
-1999439839,1
3175368,1
1841201406,1
466760490,1
2043443979,1
-1796833243,1
2138676377,1
-114599745,1
-1626034353,1
-1106754295,1
109651828,1
-1364453553,1
-1283957227,1
112682,1
3208508,1
-25881423,1
-817598092,1
-2146525273,1
-314497661,1
-356194492,1
-712511601,1
2249154,1
103145323,1
-977423767,1
-868239859,1
2688560,1
-1405517509,1
-874940727,1
3530046,1
112671,1
2320440,1
-286926412,1
50895284,1
1511676695,1
3045944,1
-880863571,1
-793504733,1
93997959,1
-1081301904,1
-72022940,1
2138567670,1
3145593,1
109773351,1
3195192,1
52021286,1
554360554,1
-892259869,1
3105281,1
-1677217583,1
1276119258,1
298513975,1
-988566006,1
94103840,1
110234193,1
70472618,1
1058282640,1
2287075,1
1024911321,1
102745729,1
109552651,1
-1897424421,1
103787271,1
115201,1
3530387,1
95593426,1
3492699,1
-91442467,1
112903447,1
-888552154,1
2761811,1
3029986,1
2136120,1
-1317192846,1
1844976827,1
93080422,1
-5491951,1
3532157,1
-1851820288,1
105007872,1
-1396349737,1
-427132145,1
109764752,1
94750088,1
3343799,1
3533310,1
3146023,1
68378893,1
1839905522,1
2493369,1
-1326460051,1
80786814,1
757449648,1
-1781093403,1
2288707,1
83576705,1
-2048782384,1
3023879,1
1423079435,1
-1666338091,1
3016245,1
-600094315,1
-7643353,1
-1392707265,1
166208699,1
3511812,1
105008833,1
874544019,1
1069471582,1
72,1
568297352,1
-1808625046,1
-2072400143,1
-1807186826,1
99152071,1
535785354,1
2007325476,1
-1147692044,1
104422,1
109757379,1
699171365,1
263558002,1
117486,1
3526141,1
-234326098,1
3321884,1
96267780,1
-1396647633,1
-1899740700,1
70092268,1
95763319,1
1536898522,1
93919761,1
3267935,1
-1224577714,1
-734239628,1
-930826922,1
-2056030763,1
1671505245,1
-771539582,1
104361,1
178836936,1
66162,1
113097779,1
68455,1
1028555656,1
3351635,1
-898023245,1
1603008732,1
-2065655178,1
2054013507,1
-931343503,1
-1281671671,1
-1703702389,1
280612667,1
113101865,1
727154744,1
80,1
3181132,1
108386675,1
3321844,1
97193300,1
1265472652,1
751785793,1
2123064468,1
1971879720,1
1752415442,1
114595,1
1037781033,1
1877890414,1
2656784,1
2476,1
-2052843482,1
76283,1
78638,1
-925730739,1
1926862400,1
104694772,1
-1493081574,1
-995582479,1
-505774521,1
97429520,1
-1102508601,1
-814855265,1
1623536620,1
100182,1
-1884423129,1
94921146,1
1840076900,1
756705669,1
-899765124,1
609800403,1
765915793,1
-787811625,1
-1819278893,1
113399775,1
2602961,1
109407615,1
109413096,1
-995867120,1
-1190396462,1
2129903,1
109850226,1
-785557886,1
2067161865,1
-1377753426,1
-1484357503,1
3079404,1
141050899,1
-1268788519,1
-801426713,1
2599079,1
1411893015,1
1584683461,1
3566293,1
3568677,1
104080000,1
103449397,1
1525164849,1
983546610,1
3148910,1
-309387644,1
-123173735,1
1054448117,1
-995411562,1
-1811361124,1
108510920,1
109403690,1
76517104,1
2057749608,1
-1134815202,1
2198474,1
-2050799252,1
-328703986,1
3377302,1
-902473578,1
-298367388,1
381988194,1
80981793,1
1308824247,1
-220463842,1
-874432952,1
-889507543,1
-329981443,1
1126558849,1
-1338968189,1
-337164630,1
-541890753,1
1433103548,1
2696422,1
-418302110,1
1599295364,1
-579770143,1
-874957358,1
2132291842,1
-189727797,1
-1380923296,1
1312592328,1
-364987182,1
-1807199102,1
103769423,1
115131,1
3135262,1
3443497,1
-440238868,1
92895825,1
104263557,1
109770791,1
3641717,1
-391198534,1
-18444827,1
-1054442918,1
-1965109478,1
92903629,1
-2019009987,1
856777882,1
-1081516245,1
850971826,1
106907,1
-1439129024,1
-988425403,1
95579998,1
-892477256,1
-1052944075,1
82995,1
320499670,1
-118601898,1
104581405,1
1550584101,1
103900769,1
3642212,1
102203604,1
3373590,1
106662638,1
1015104588,1
150869437,1
2112549247,1
-976921287,1
-2113229483,1
109432316,1
-1224598842,1
51960325,1
-1352411655,1
-1789697297,1
327033509,1
-1778744735,1
-782085264,1
-1148867251,1
-1040008039,1
-1777101295,1
1062750047,1
3446944,1
95346387,1
-269094809,1
-1094759278,1
96278602,1
93494354,1
1241265406,1
-1807319568,1
-192331645,1
1463587485,1
-895684237,1
-880452824,1
1213268218,1
3075806,1
1439082586,1
-2125395990,1
97619214,1
-683958139,1
-270773103,1
233716657,1
-1320944872,1
112893312,1
97187254,1
3529652,1
-2115333819,1
110715716,1
3432985,1
-2035517098,1
1069449574,1
-1966579064,1
-2131173829,1
915501581,1
-1546924124,1
-895760513,1
-187877657,1
79847142,1
3240,1
-1062767403,1
2043359064,1
100184,1
95852696,1
1366257555,1
1102158918,1
-1206103987,1
-1001082257,1
-20843792,1
92903111,1
-1243007503,1
99467700,1
-2042948466,1
3053931,1
-903566235,1
3573480,1
3019794,1
3075808,1
104263568,1
-903459084,1
-897608035,1
1863467590,1
-792039887,1
3046175,1
1640550983,1
109757337,1
1936998854,1
-873630124,1
-1050045896,1
110532135,1
106164915,1
79717655,1
-840677434,1
3079833,1
2553083,1
179491159,1
69915028,1
-1478436504,1
-1331701063,1
-1698127783,1
-1313803136,1
3387192,1
-1268786147,1
-985337725,1
97427706,1
691026396,1
29560797,1
-1380801655,1
1261183467,1
-1253090521,1
3195156,1
95944904,1
-995418615,1
94832278,1
69066349,1
3019702,1
69075,1
107040,1
519034958,1
-1984635600,1
606245482,1
94851343,1
3076183,1
-1037172987,1
-27531,1
2551,1
-1209078378,1
101759,1
-1224574817,1
80212360,1
-807062458,1
68069218,1
3506021,1
113743,1
985728577,1
109399572,1
668929186,1
80218313,1
466733563,1
193633957,1
689584074,1
710964381,1
-1131301855,1
-1419320520,1
3317999,1
3029312,1
-178861983,1
-892051796,1
-788073255,1
1386968602,1
52412277,1
3241160,1
93621297,1
983598864,1
-1424030939,1
-1537208940,1
73343,1
109654189,1
-1361399851,1
1316604503,1
-1261188430,1
-2119257554,1
107019,1
1800551012,1
1968479420,1
-2132036782,1
3165277,1
-782181354,1
96634189,1
108698360,1
94631335,1
-337338962,1
3143222,1
3052620,1
3016043,1
-898538283,1
379172144,1
3235,1
-1594837644,1
-1361636556,1
-867867249,1
109770985,1
-1584538032,1
94627149,1
80101517,1
112905370,1
1169044382,1
103687,1
-1274702574,1
-1274491940,1
104077599,1
3357590,1
96280065,1
3535895,1
103334157,1
-2035667684,1
3065388,1
1224664177,1
-938491858,1
-34039549,1
108273335,1
-205677000,1
-511014066,1
-1106201306,1
-1206104397,1
-897608020,1
1925942999,1
108695446,1
-1334895388,1
170546229,1
3083120,1
113399759,1
3559837,1
-1049482539,1
-779574157,1
2190034,1
94924928,1
-795012622,1
2195782,1
74120264,1
109760847,1
-1490221638,1
-2024863979,1
-2054297487,1
-860968463,1
92967819,1
2044651,1
-221275039,1
-384141682,1
2164006,1
-2081923342,1
2519,1
2303476,1
-1367713539,1
1887210148,1
2134835441,1
3641990,1
93085691,1
106440182,1
79011260,1
94746185,1
-1217186648,1
1839915137,1
3343947,1
-1541964955,1
-701803848,1
-230569816,1
1714725107,1
156351833,1
-1310311169,1
97692013,1
1925736384,1
119516,1
-1419464768,1
-891980449,1
64537327,1
3333356,1
-785691465,1
1440452584,1
-2116062534,1
2125,1
2053811033,1
-1392911061,1
1946678676,1
76158,1
88764,1
99207,1
108299,1
982878102,1
-1335432629,1
77343363,1
-2105867766,1
2119,1
106946474,1
102720,1
3296904,1
-920175184,1
104086693,1
1966204323,1
71788,1
-891207883,1
101267,1
-1074248022,1
110132375,1
529555571,1
-1269727920,1
-788852194,1
97739,1
-892259863,1
69494464,1
1134020253,1
100023432,1
3327780,1
2615726,1
1261935397,1
-1077587740,1
-1836304636,1
-2051385582,1
2335252,1
1958080428,1
-576309433,1
2057816588,1
1539344191,1
1800550788,1
98615751,1
3091904,1
-1274499742,1
-1360956694,1
-795012167,1
3541919,1
103501,1
3016435,1
-909862707,1
-791592328,1
-406250083,1
-1354723047,1
-1134801837,1
-2087923008,1
106847225,1
-877709243,1
746400067,1
3362964,1
-1383228986,1
92926179,1
-1102567108,1
3543682,1
2582875,1
867079436,1
1872310291,1
-1956353277,1
101482868,1
94103685,1
-962204908,1
110550847,1
98367362,1
-977371862,1
997766793,1
-842145983,1
113319009,1
1640548322,1
3184370,1
113137917,1
2092670,1
2582855,1
-903075839,1
2053811027,1
-1249318525,1
119526,1
2987463,1
94944399,1
3327826,1
68703,1
-782211141,1
64897,1
1360756867,1
105608,1
92960775,1
3143043,1
-323130006,1
293484824,1
-1039690790,1
452152962,1
103666502,1
3344136,1
88774,1
-1309148959,1
-1383384886,1
3433258,1
-2021995026,1
-1433180758,1
-1274144851,1
-1120700903,1
2587682,1
-1498725078,1
-1268789356,1
-1381022734,1
651128127,1
1768164544,1
3492685,1
75160172,1
2334974,1
-1976136507,1
2555906,1
2079507348,1
106433143,1
3165367,1
3029552,1
-787397269,1
-1668626545,1
3522699,1
103164673,1
-1334913527,1
3737,1
-1067213657,1
108485,1
115168928,1
-934912774,1
67974124,1
72935,1
2552709,1
82991,1
141673255,1
-1854648460,1
-1185895751,1
8099058,1
-109712286,1
62359125,1
-2048037283,1
76453678,1
-1993743721,1
67887760,1
65190232,1
69062892,1
2582957,1
67713,1
-1505922061,1
-190064071,1
-1228266208,1
-1431200146,1
2024042211,1
-1269825464,1
2125970,1
-490575430,1
-1184170135,1
-1824110700,1
322476761,1
-709883630,1
-1901789174,1
1708788565,1
3322014,1
-651487409,1
1076356494,1
2603148,1
-1392861974,1
93223254,1
85616256,1
-1615126214,1
-1565890230,1
2043510635,1
451148880,1
221733165,1
-1928911965,1
-264202484,1
-1335723160,1
2016576972,1
-1725867584,1
1874547735,1
1091649550,1
3046176,1
99466205,1
107947781,1
3506301,1
-868095228,1
110238088,1
236495268,1
3387378,1
-838392206,1
68814685,1
-1797245020,1
-1406873644,1
2255196,1
853439130,1
3019693,1
93110687,1
97187239,1
-274550624,1
-1598910135,1
1417131776,1
3148808,1
110327405,1
109860350,1
1539344347,1
-1703530101,1
-1184239739,1
2343285,1
-265364207,1
1912930098,1
3151780,1
109638523,1
-1439564283,1
3493102,1
97695491,1
113141703,1
3091780,1
978379661,1
1120930770,1
839462772,1
1585146952,1
-985656342,1
811454433,1
93832956,1
64280284,1
66484,1
64383879,1
-311421306,1
-1106074725,1
1910951922,1
-1126636304,1
106182,1
-1107946354,1
97188200,1
3227383,1
98544633,1
151501876,1
3367181,1
3655,1
106437344,1
1412281029,1
109214288,1
2144050103,1
1215891649,1
-908183840,1
1992500290,1
83766348,1
-1234784495,1
78069,1
109642024,1
-1097095164,1
765912085,1
-1420247761,1
94434409,1
2122646,1
-1423054677,1
1360488552,1
1354997429,1
2024262715,1
-265783667,1
3522445,1
-1851045606,1
2245120,1
3173020,1
-190113857,1
3530071,1
-841944443,1
2576759,1
106111547,1
460367020,1
525429805,1
-687738047,1
104813749,1
-1711257905,1
105405,1
-1131353853,1
3344077,1
1237882082,1
923209336,1
3125652,1
95027346,1
-1134815187,1
-41174144,1
64368143,1
-1208322110,1
553550828,1
94940429,1
109194211,1
2612663,1
-919955129,1
-1008770331,1
1815522717,1
2373894,1
3566096,1
957931606,1
108629068,1
97441423,1
801865110,1
-1423461112,1
-234266516,1
95026911,1
1552895574,1
1759434391,1
110844025,1
-1678503541,1
-1381913276,1
530775154,1
109860349,1
-2008516040,1
-234331185,1
-1281977283,1
-1107034717,1
-1889045630,1
86195,1
-1618704542,1
-1298917254,1
2569350,1
74106917,1
858565208,1
2582804,1
1625372422,1
66394206,1
99639597,1
99456,1
93732578,1
3422887,1
102053709,1
-1067075258,1
94843494,1
84276,1
3645304,1
94431515,1
64881737,1
1505798541,1
3178509,1
95946878,1
-1878867530,1
1097390534,1
-33683713,1
72556,1
866610596,1
233720021,1
112901997,1
110531669,1
3327275,1
647386386,1
1646659879,1
3291718,1
394668909,1
658405057,1
78515,1
-1361631690,1
-732211800,1
-1900214577,1
3181587,1
1099842154,1
-874993101,1
2241379,1
1381240134,1
-234475053,1
69499878,1
104309334,1
104696477,1
112897651,1
3029833,1
-1274446437,1
-1670988103,1
-774527758,1
79777773,1
-1417180083,1
3536286,1
-2103177150,1
-620958139,1
2092,1
77491,1
-1941882310,1
69801,1
2551028,1
-1804849573,1
78343,1
2163814,1
79695957,1
71532,1
73118093,1
-1812148352,1
1316660241,1
74175084,1
-2130447857,1
2341,1
67167753,1
2456,1
-86050296,1
-995776271,1
-894671335,1
1437723568,1
853617876,1
-1383228885,1
95027149,1
-982699498,1
3208384,1
1688154871,1
1438523229,1
3046207,1
-563070725,1
3693,1
-877352063,1
564967048,1
74216751,1
-1365463638,1
2147,1
3245,1
103655853,1
1794694678,1
-2008522633,1
-1268958287,1
1080866479,1
3287939,1
3002522,1
-1935458297,1
110640747,1
110331239,1
3641856,1
1300592996,1
68991961,1
106194,1
-1858404084,1
1842523333,1
2158258,1
2016206474,1
62368245,1
-1539852395,1
83843,1
-1724348854,1
980107539,1
3056223,1
17620791,1
-338856913,1
-206912383,1
-536826437,1
-1407259064,1
3642105,1
-923490785,1
-2075736300,1
80008,1
106443725,1
-242327286,1
2374335,1
235297998,1
3288564,1
-684200113,1
-891985903,1
-1456346748,1
1264412031,1
-1439613573,1
692798126,1
94839810,1
2219825,1
72657233,1
-1385863809,1
-1380612710,1
3415757,1
106856763,1
3559892,1
3145720,1
2066948,1
79183,1
1629184494,1
2744,1
2496,1
110760,1
102846020,1
68,1
-716975461,1
2241928,1
114711,1
93503927,1
82539,1
195261308,1
1859914588,1
113093,1
3347960,1
-909893970,1
3049958,1
70515,1
-308983671,1
702473535,1
301801488,1
94746189,1
111820267,1
99287024,1
2192408,1
-981647485,1
1985943673,1
79761689,1
109399876,1
113114,1
-1245575282,1
103157172,1
109641799,1
-1546299249,1
96267576,1
3314155,1
-1812197269,1
-1695540708,1
1912538304,1
366286474,1
-270232862,1
-823552895,1
103898878,1
2126092,1
110644256,1
-1081434779,1
65793529,1
1355524276,1
3343967,1
-1294234273,1
74103181,1
-1077574371,1
3433103,1
-1294234683,1
680062968,1
68231411,1
1900074285,1
106550742,1
93113694,1
-1421968136,1
3343801,1
-795124939,1
-994287078,1
-1377900459,1
-1224460148,1
-1268966304,1
-196662215,1
109761319,1
1059287724,1
-1897135820,1
-1077557750,1
-1790835355,1
-796627701,1
2026668645,1
-1323778541,1
110621192,1
93740364,1
-1322977561,1
109310734,1
-539948612,1
-1367725928,1
-1360216587,1
3556343,1
1547179295,1
-382462919,1
431056276,1
1876018584,1
1095696741,1
3526737,1
-1684857943,1
-1243001030,1
2093667819,1
-787736891,1
-666625962,1
-977009467,1
3552281,1
1993724955,1
63384202,1
3059573,1
1377272541,1
2076425,1
69062583,1
-1562319712,1
1875487864,1
-1703379852,1
-1624828301,1
1321380578,1
-1801283976,1
-1790953211,1
-1245602189,1
211882016,1
931898945,1
69159644,1
-2018122116,1
2079198929,1
-1805606060,1
1467692798,1
69615110,1
68241025,1
-930802587,1
80099141,1
2055055122,1
1274052896,1
-1196231044,1
-2076269716,1
1836378075,1
1985803540,1
2189785,1
2605628,1
2424564,1
151745448,1
2110045960,1
2573164,1
308606713,1
-1975335028,1
604935641,1
75532016,1
-432016018,1
85518306,1
-991566913,1
1312628413,1
1047561014,1
-989231465,1
785822954,1
-908189591,1
1940662712,1
2531,1
3565534,1
-75392791,1
65076,1
264024164,1
2573735,1
66902672,1
84314038,1
-193360504,1
79789370,1
78694,1
-306486208,1
67504,1
92909363,1
109776284,1
-873960692,1
-333143113,1
-865710229,1
3533313,1
860813844,1
1238742454,1
-1136728086,1
102977264,1
109413437,1
-995409966,1
3029737,1
104263205,1
-892066894,1
779316130,1
2132090822,1
3526482,1
106669441,1
-1377758231,1
2692513,1
3536084,1
1835520096,1
74341495,1
-1354757657,1
99640035,1
-1174038044,1
1858116234,1
3194945,1
73293142,1
150162434,1
-1237300465,1
111357,1
700110422,1
-934908847,1
1985948575,1
-1893880272,1
-903581683,1
113313790,1
-605480886,1
-903446647,1
-2084878740,1
3441070,1
2025837735,1
-795189909,1
3035859,1
739134921,1
-898716068,1
84274,1
-1378202956,1
-690482368,1
64270555,1
3536371,1
99462250,1
97299,1
-1397214398,1
1233099618,1
-231849923,1
-414977423,1
-1361640882,1
66219153,1
-1358536989,1
1964277295,1
1747879028,1
-1958423320,1
987687814,1
-156069073,1
-987696416,1
103716175,1
112,1
3116,1
3347527,1
110233717,1
-1085397472,1
599818657,1
2049680,1
78,1
110,1
103,1
3440673,1
98,1
-1386014171,1
-1006804125,1
-1396711816,1
2410025,1
-795192343,1
1467354949,1
113008166,1
287677501,1
2612563,1
1393975189,1
1841608498,1
3704883,1
2493506,1
93832575,1
-322475625,1
-1879126866,1
133610271,1
-85567126,1
2110048317,1
103054,1
-1824316672,1
-1321370043,1
2241477,1
-1380802478,1
78959100,1
-1049021475,1
-1858404099,1
113126399,1
-1282158630,1
-748088615,1
939918559,1
-916376058,1
2046744234,1
63353333,1
-903068151,1
29114158,1
109618859,1
197322247,1
109757064,1
-1643899695,1
360068273,1
79900786,1
2024111417,1
64445457,1
-1907699745,1
-1818443987,1
1610424474,1
342988778,1
692890160,1
-1049376709,1
106767708,1
-1631495914,1
2055055923,1
102984966,1
-1420708761,1
-545821700,1
106105258,1
3535914,1
1095009078,1
-180137473,1
79716,1
1260958806,1
80583381,1
-703929337,1
2063067,1
64459030,1
-642964516,1
-1961578674,1
-1077115990,1
1978314576,1
-1409292087,1
310319468,1
-1897640665,1
-333146739,1
97301,1
-2001944428,1
3109415,1
-38899014,1
-948585970,1
-982431341,1
-1243020250,1
109592406,1
-1132898968,1
1377280108,1
-1940589266,1
1911078906,1
-1240627241,1
2067161641,1
-1811297584,1
-1357815545,1
1828432104,1
3596730,1
67114680,1
3198556,1
-1405046307,1
113880,1
98619129,1
3105752,1
-1335773825,1
3526264,1
-1271636505,1
1383408303,1
80778166,1
-795011675,1
-1392392896,1
-853173367,1
2368439,1
-1081314499,1
1265392174,1
-892069560,1
957830652,1
-1258577027,1
53215274,1
-511022874,1
-70991906,1
-892070738,1
2007167449,1
50359046,1
-1390162012,1
106079,1
83132,1
1201140597,1
869298276,1
1082698090,1
3440946,1
-920168456,1
121707317,1
94832060,1
866536837,1
1470674223,1
94627585,1
111981106,1
1228536567,1
692800787,1
394390421,1
1025211153,1
-694611509,1
-1048439561,1
2404213,1
-1052669861,1
654610657,1
-779023568,1
-1137585750,1
-899456999,1
-1893881956,1
1428133406,1
973536797,1
-865716088,1
701570181,1
1829500859,1
1269557148,1
3344319,1
1657117531,1
1216322277,1
3148994,1
-2141384043,1
436858213,1
109776621,1
-792047794,1
-475423343,1
-1335656807,1
795515487,1
3314063,1
1336993503,1
1445045460,1
1154993023,1
1151507476,1
-1146509409,1
98538681,1
3317606,1
-210949405,1
109562223,1
1833838931,1
-1068284534,1
-1680592963,1
69599207,1
-826189050,1
3059661,1
-677216191,1
-757947837,1
-1220931680,1
-1726166295,1
583259207,1
1468337866,1
-1818722473,1
110250375,1
82428434,1
-1284885497,1
-1392988871,1
-1354853743,1
955046078,1
-938042791,1
-1106744699,1
-907674477,1
80204726,1
-1077782081,1
-891507607,1
-1067003198,1
94627080,1
1828919538,1
949122880,1
122265833,1
483575471,1
-1163356016,1
-1097128933,1
169602571,1
3500280,1
106857100,1
-1997617512,1
79132947,1
239571532,1
-2018641433,1
3195178,1
94431571,1
109686858,1
103669712,1
-633896739,1
-988146728,1
109770891,1
3505984,1
110997,1
-1106363674,1
69609650,1
-826172614,1
3091764,1
-1380612138,1
94097862,1
-2079458764,1
94011453,1
2490196,1
-967428555,1
2097181052,1
3523048,1
94929138,1
3443508,1
-1310964698,1
-1385078933,1
77485,1
1973397624,1
328072196,1
3529469,1
113318786,1
1984145937,1
-1102757228,1
-909421545,1
102984967,1
293427148,1
95864228,1
110628761,1
3117816,1
1985941072,1
1968523703,1
-899644285,1
109582231,1
-1852993317,1
-1289535113,1
-1211577306,1
-353667638,1
751941193,1
3393158,1
3321564,1
742380204,1
94842723,1
113405541,1
1643510668,1
3433506,1
-774528048,1
-897056407,1
-683001118,1
-985752877,1
109624963,1
108873975,1
-1211425453,1
2003004085,1
-529314002,1
1986370064,1
85299126,1
2093177368,1
1992686222,1
-995301091,1
-391209889,1
-892488432,1
-1354554468,1
3530325,1
-1743438373,1
2029715009,1
794503933,1
1450386756,1
1064558965,1
1536227691,1
59078150,1
-2026013785,1
-199987351,1
2241538,1
2374467,1
71456702,1
2364485,1
-1784228060,1
81284893,1
2409517,1
-706663281,1
1620215484,1
-1210665356,1
-1349119455,1
109776329,1
-2103719742,1
-1324879862,1
494266911,1
1074108624,1
-925162788,1
-467771022,1
1331506541,1
109526748,1
3254712,1
99167782,1
95852410,1
108698577,1
-387988262,1
235331633,1
-291058640,1
-1881759102,1
97197887,1
94743028,1
3214214,1
-891115281,1
93508654,1
-287015784,1
99466064,1
1167488475,1
-696266424,1
109264448,1
558615941,1
742313895,1
-1413116420,1
-897917786,1
3291757,1
978433498,1
101019715,1
3045820,1
-1753180783,1
3649547,1
-1910619051,1
103162238,1
933993131,1
973992166,1
-1997652785,1
2189786,1
83344979,1
66,1
67,1
1127569505,1
95951879,1
-2042480152,1
3020035,1
-1335325168,1
-2004447889,1
-891986231,1
792816933,1
544835925,1
93930425,1
106669426,1
-1049480393,1
-1176749476,1
3095218,1
-873636633,1
2061491048,1
104080786,1
98450312,1
1685168190,1
651403948,1
-1184266632,1
-889474017,1
-787803846,1
2427773,1
94623703,1
1138507464,1
93826908,1
80784365,1
2093125388,1
-1352290408,1
-1074482339,1
-35582912,1
2078277217,1
1177755815,1
1477689398,1
-1021104484,1
751914300,1
-736810980,1
103906076,1
-1274444951,1
-896950473,1
1293180695,1
88779,1
79033,1
93622880,1
-1353741962,1
92659968,1
287739005,1
-1319358677,1
2253189,1
938321246,1
83548669,1
2255071,1
-976812346,1
96590787,1
-1409300033,1
3059615,1
829030040,1
530040176,1
99040465,1
-595742321,1
378664828,1
-307554597,1
-1277716867,1
1097546742,1
-216407397,1
1567250656,1
1855894239,1
-2005513374,1
3198444,1
84379,1
-1020146828,1
289309655,1
2428114,1
1744737227,1
-680236456,1
288091282,1
74111925,1
-979220317,1
78395350,1
-788812863,1
96305341,1
-1996275700,1
-123782871,1
-1217394225,1
695005053,1
-1781610586,1
606175198,1
103668165,1
-649053489,1
99460242,1
-891115301,1
-891484533,1
-891990144,1
-896177866,1
-562711993,1
109651889,1
1322115838,1
853528503,1
93998218,1
1126681732,1
1595307757,1
-1503632284,1
695001489,1
113107600,1
1033650726,1
150840512,1
75032345,1
3433164,1
-186182668,1
102729336,1
750867693,1
2083625922,1
3024120,1
-1106736996,1
-493732192,1
-1899911469,1
-1361508682,1
-874702399,1
-1072065315,1
-1280852174,1
2094531868,1
-2097529612,1
2338743,1
65382432,1
65996,1
3526536,1
82114,1
-701482080,1
-1637656461,1
2396338,1
-498687161,1
92645553,1
-197464874,1
-1617042368,1
-2137295986,1
82268854,1
-824080459,1
3351294,1
-873960708,1
1972131363,1
3482197,1
3321611,1
69082128,1
80770762,1
554297608,1
-1034888123,1
1874684019,1
-1281313977,1
1939328147,1
1331301898,1
-1383240722,1
-303628742,1
108866262,1
1091836000,1
3178390,1
-1321239270,1
100998859,1
106422449,1
110640564,1
-1097519099,1
-881080757,1
-1320642157,1
1312578874,1
-2014337440,1
94094974,1
3556460,1
1727949570,1
-1413564991,1
99755,1
-674853631,1
98705061,1
3433459,1
-852235926,1
1590484772,1
1860306663,1
1125544667,1
173860098,1
-1285579878,1
93908710,1
1787618597,1
-82035977,1
-995865480,1
-2008522753,1
2151969,1
-219784568,1
69599270,1
106673270,1
-1221270913,1
77547,1
68807287,1
77003315,1
-1014311425,1
839014946,1
364273398,1
-805636223,1
-315858070,1
2121767808,1
2198155,1
2129364991,1
-391990836,1
-1154474404,1
145272702,1
2089299351,1
82353,1
-685286290,1
3536161,1
-1737966967,1
-1539500231,1
3412756,1
-1054196891,1
-1421254171,1
109549020,1
109760848,1
355673936,1
79,1
1608577554,1
-1216669849,1
80009551,1
1919901192,1
-728790663,1
113321747,1
-1211603253,1
507379305,1
-865109697,1
164434655,1
-906336856,1
2227832,1
-785401893,1
3530167,1
721896686,1
354359901,1
76268,1
-1102895894,1
107143,1
106847211,1
99040471,1
-397756334,1
109413609,1
99152051,1
108275692,1
-1371921740,1
-1224713215,1
110777995,1
-995529130,1
2570,1
3347915,1
-1791073559,1
-889610107,1
2049210,1
1837350085,1
-1252932019,1
2010122246,1
2024015585,1
3258548,1
-1249383013,1
2032743,1
100025290,1
-1841480007,1
1505382580,1
105007982,1
2576340,1
1794713942,1
93494179,1
-1984452893,1
-1288682432,1
554455649,1
955366950,1
-318665069,1
2241682,1
1345988211,1
1431679462,1
-1268906484,1
-1392839637,1
-1831734531,1
-1613793828,1
-920175198,1
72444,1
69156279,1
-1240483007,1
63560888,1
82889,1
-982669523,1
1103191229,1
1316697938,1
103143501,1
-794897034,1
-1565468710,1
-177721437,1
1385468589,1
-2127558285,1
-778846065,1
1668557392,1
1966197018,1
-1897144628,1
108503856,1
-2070403900,1
-979018424,1
871991583,1
471563094,1
-1406899584,1
67278,1
-15441332,1
101306100,1
87167,1
1235271283,1
-803330918,1
-664214029,1
-265783687,1
2696391,1
381088691,1
109451990,1
2070567,1
-1891246254,1
552565540,1
-1309368518,1
3079276,1
-836526123,1
-147305568,1
112894799,1
96481,1
3105757,1
-1420591520,1
-134656386,1
93998208,1
629111151,1
107947501,1
-1274708295,1
3059784,1
109403483,1
102738951,1
97520651,1
1969598957,1
631326077,1
-454542870,1
1666223139,1
-265829726,1
95457857,1
144914217,1
94427237,1
2390773,1
2063072,1
1986370175,1
2076589,1
2106787518,1
64058019,1
-704620659,1
1643809488,1
71967,1
-1602911716,1
68152623,1
1439567688,1
872642917,1
64871707,1
948502306,1
3351804,1
-873568620,1
-2122236819,1
1381510430,1
-225085592,1
106438311,1
-987658292,1
-677618650,1
-1354665401,1
3019812,1
2590131,1
109400031,1
-1310281334,1
-792010363,1
94424379,1
550249411,1
97705295,1
3046160,1
615520324,1
94431075,1
949444906,1
1412660784,1
2198468,1
-765796364,1
224075206,1
-577741570,1
-850763610,1
-1618084798,1
1475365944,1
-1068799201,1
-1639854302,1
-1335637709,1
-479798563,1
-121207376,1
3599308,1
93832698,1
-919880447,1
-792929080,1
-688253769,1
2106778553,1
-1298567352,1
738909086,1
-877322152,1
72104128,1
-413605925,1
3194994,1
-1390378243,1
-1881986936,1
2245473,1
-989034367,1
-1414265660,1
113012429,1
-902559107,1
-1275316587,1
-1822907084,1
235213825,1
743772286,1
736266174,1
65116686,1
-2129282617,1
3566062,1
-266760893,1
-1769438392,1
1986310593,1
-1272046946,1
-2004451068,1
110629088,1
1082475193,1
-1383390638,1
1628567485,1
3019696,1
-1769752083,1
-331436550,1
941231797,1
93500843,1
170385743,1
95027335,1
98615734,1
-1355030580,1
1869100768,1
-1045773836,1
-991779294,1
-1475642899,1
1380427972,1
-787811849,1
113315686,1
-930658329,1
99281490,1
352049893,1
-1439131685,1
101926286,1
2145531149,1
2398322,1
684968227,1
799864040,1
1377637496,1
-1391072649,1
72314,1
93926060,1
92597448,1
-1653267777,1
1433582352,1
-1377688064,1
-1077789440,1
2618525,1
-902286926,1
-896064437,1
-555490955,1
1944935900,1
-1878839661,1
96965648,1
-1332194002,1
-1984932033,1
2547433,1
2182043,1
-531564937,1
2087505209,1
-1858164744,1
-1965059404,1
2124,1
95362300,1
-2107258700,1
-1475667788,1
-896509628,1
-286060209,1
1999027714,1
-1808022793,1
99827,1
68897640,1
1434715976,1
-765998456,1
-744899455,1
-2132311210,1
-1252611147,1
1876609401,1
1958594202,1
-315054328,1
-1546299383,1
3555933,1
-807768000,1
-1945713925,1
1345559435,1
1707117674,1
-493567566,1
-748794680,1
1167588979,1
-982754077,1
429853078,1
570402602,1
109413649,1
2076577,1
1214429093,1
-248873159,1
418557584,1
2026421555,1
68996522,1
-2055153865,1
-1997622120,1
66291999,1
94851114,1
-2061912067,1
80778450,1
1659526655,1
-1354756458,1
110365495,1
-1361525779,1
-1756583982,1
-397984027,1
-1466613530,1
113279,1
82891,1
137968141,1
3705228,1
-561039789,1
-836526061,1
524333856,1
92938940,1
-678782119,1
-633906311,1
-578021343,1
2569225,1
248303875,1
95759637,1
-850725337,1
-480666578,1
1364351727,1
-1205926967,1
-897798261,1
3083655,1
-1243421963,1
457455494,1
-677664778,1
-2113150399,1
-1837112987,1
385296850,1
-1308786300,1
514048054,1
-2116856848,1
524094285,1
-1048972247,1
-1154529463,1
-1263838600,1
-899450272,1
787407493,1
2189924,1
-1393037170,1
108300,1
3143236,1
-1196544302,1
-1718144449,1
109760975,1
3433509,1
110624917,1
-1096977774,1
2860,1
113745,1
3020089,1
-1927336519,1
3004756,1
-123790707,1
-892483559,1
-1367558920,1
-965366397,1
-867829110,1
97516878,1
93908787,1
109413485,1
40836773,1
115600162,1
-898533970,1
-909798320,1
94750176,1
69598835,1
1126995602,1
104684,1
-1263184552,1
-862547864,1
108686766,1
-693726971,1
-1781711374,1
970303275,1
-903579360,1
-1271823248,1
3143268,1
78792685,1
-1306599068,1
71291,1
94935104,1
-1510951751,1
1906602489,1
111499426,1
-779204518,1
95858456,1
-336855454,1
93616297,1
2241625,1
-896593219,1
-359928476,1
-751521150,1
-787569557,1
853620774,1
1138916773,1
926934164,1
-1003761788,1
-1309033062,1
1516211480,1
205063551,1
-606510148,1
-1352291591,1
-2137971525,1
-232564852,1
-686877022,1
-2097589198,1
1191012098,1
969137508,1
-2079548355,1
-778804732,1
-934396624,1
3556498,1
99644996,1
3267981,1
1444615292,1
-1439577118,1
3317596,1
3089321,1
-1246697532,1
1790934047,1
-1908356845,1
-1726194350,1
-1243197089,1
-744020317,1
3357407,1
987038522,1
-1268784659,1
68146670,1
-1908234060,1
738939839,1
1020073733,1
98331279,1
3511875,1
-873843947,1
-499559203,1
78208,1
70393,1
-1812726051,1
-1062781594,1
2404337,1
-306987569,1
-766441477,1
3148996,1
688889948,1
109203573,1
-1325958191,1
-859467826,1
-1930476825,1
550252294,1
-1074344446,1
-881377691,1
902852849,1
195257650,1
-1602043987,1
1900012073,1
2052863562,1
-1997703898,1
93206901,1
-838280297,1
346152593,1
-1325970902,1
73864,1
795844024,1
-985774019,1
-1106572680,1
-791594265,1
-1266503261,1
-938645478,1
112921,1
3032436,1
3530383,1
-980096906,1
101478167,1
-2097589194,1
72100420,1
109522642,1
72315,1
98258,1
95997746,1
-1338970067,1
1668667140,1
83010,1
1498938943,1
103166465,1
-791418107,1
379010517,1
-533744376,1
3565790,1
117730,1
1574204190,1
2696178,1
1123130608,1
103769422,1
-1172895151,1
3145589,1
1289222608,1
67506,1
1179286129,1
3536149,1
-675439807,1
110634737,1
-791826683,1
3649703,1
2997072,1
-787558159,1
-948715482,1
1954429774,1
-2140701056,1
-616207019,1
1401515851,1
80251422,1
2076434,1
80697864,1
496566607,1
-277931772,1
-92544058,1
74109775,1
-1321965081,1
-1361525562,1
-653214674,1
-813394696,1
1129536213,1
-796711483,1
-1014422019,1
110234038,1
102843,1
-1361214606,1
67883408,1
136368294,1
-2064817359,1
-604698066,1
-1822473924,1
567961658,1
-1167340554,1
1310926996,1
1402698106,1
2991956,1
1751805895,1
105410,1
2997831,1
98119424,1
-1413554688,1
-464730281,1
74530582,1
-1522242647,1
-1396232257,1
-528337882,1
2404129,1
2434081,1
-53673853,1
98363735,1
76886246,1
77003557,1
79649227,1
2045636,1
-2132162255,1
97439997,1
72680,1
-985057186,1
-1901776630,1
-881086228,1
-874698306,1
106940956,1
96356950,1
1958759012,1
95774492,1
2054013463,1
355117300,1
-1965778112,1
-1378203158,1
80563118,1
-993141539,1
100913,1
-874346147,1
-1364013995,1
-987636834,1
-862440354,1
-1790657756,1
2125966,1
-881079782,1
-1778559484,1
2368683,1
-1417788712,1
-1625738231,1
1992258532,1
-907680051,1
106748694,1
-1961350327,1
1648718008,1
56961773,1
81221068,1
-1335703754,1
77104,1
-1417469396,1
-1249507465,1
833695541,1
-1331553336,1
108685093,1
746007989,1
3446904,1
94637101,1
3314122,1
109760846,1
-1383564593,1
769051413,1
97699467,1
-233756547,1
3436775,1
554366800,1
98615833,1
-819628262,1
-1897183229,1
2097891183,1
-259757527,1
1672512256,1
132604495,1
3201,1
74347607,1
-1056249586,1
1984153269,1
-282480272,1
81000169,1
-1050418279,1
2427779,1
-980110832,1
-1947652542,1
-1115062407,1
-1074280197,1
3052376,1
99283243,1
-1392836445,1
2014441667,1
957610569,1
117724,1
271745573,1
1349785232,1
-1985199859,1
1992680927,1
63955218,1
-1443162969,1
93819220,1
98128353,1
-1897459036,1
1968394173,1
-860496215,1
958484118,1
530196570,1
1091406727,1
1032612365,1
1992669606,1
93029210,1
3440743,1
-1063768254,1
110131428,1
-1914388233,1
-666410831,1
-865474860,1
531929645,1
2305051,1
3500249,1
3552623,1
2488,1
114839,1
66797,1
3181144,1
63348632,1
-957861765,1
3440742,1
-1413057668,1
2164644,1
-1548812293,1
-499570600,1
-62296697,1
70310620,1
67435067,1
840862003,1
1829063108,1
3641989,1
-899765118,1
-1335656583,1
-1240627359,1
-1423892555,1
-1237777555,1
-1211611902,1
-909708618,1
3208483,1
105007857,1
2469099,1
-2140591368,1
80026043,1
-1439577117,1
72651560,1
93228423,1
63227834,1
101253,1
1126033398,1
2129347739,1
67881486,1
-197581734,1
-934616827,1
-865479651,1
951526432,1
69910157,1
-1383205195,1
1983772324,1
-1234651544,1
-1393030924,1
-898716053,1
101491,1
-931257130,1
85203159,1
3571704,1
1635392522,1
69902610,1
83349325,1
80681045,1
-1317292107,1
-908199288,1
79660,1
-854782081,1
3016370,1
2125956,1
97520721,1
97532271,1
64452978,1
-1268784349,1
-1381034947,1
113111,1
2094529267,1
-509585513,1
103666243,1
-850725661,1
102977279,1
-787687612,1
-1392319985,1
-231495986,1
3568867,1
-1351975578,1
1132443704,1
1202794514,1
-995543313,1
-77352280,1
-1024864870,1
-1390896221,1
-841097905,1
-1078037064,1
92779969,1
1443248312,1
-1039479911,1
-1368044225,1
-485234105,1
-431709983,1
-110002385,1
94832308,1
93086015,1
2245648,1
729267099,1
95849015,1
1281629883,1
64877009,1
-779904871,1
-934352947,1
3059883,1
-1525528662,1
246043208,1
-895939855,1
-391205690,1
-820117784,1
577125409,1
-800884361,1
4758595,1
742908075,1
1280882667,1
1557364242,1
795847588,1
147816263,1
-216832786,1
65968239,1
327382304,1
-2027938206,1
-1406931997,1
-2067518127,1
-1102667855,1
-272884608,1
-873564465,1
1844969139,1
3433489,1
-213257866,1
1196982379,1
679274375,1
547396986,1
-1322971314,1
-1183850344,1
289222322,1
-332431507,1
3511919,1
3437117,1
94623515,1
109582100,1
-1901805651,1
1926384679,1
70764,1
2730035,1
2074409,1
63527764,1
-2072685140,1
94001407,1
-1900506945,1
-2101428999,1
1097018673,1
-1955873589,1
1820433471,1
233571348,1
-76755905,1
64448735,1
115018,1
113101840,1
-1411068523,1
2035660761,1
-1181905998,1
1540677588,1
-1886249209,1
109496703,1
-897468618,1
104585032,1
1080956324,1
-1639490026,1
-349818185,1
95945989,1
-1811806823,1
-985762968,1
97793697,1
2068523295,1
-880816373,1
64189676,1
-1281887900,1
109757152,1
-1323355060,1
95356549,1
2172340,1
2645143,1
56630158,1
1920627403,1
2017202076,1
-894671336,1
-1139041680,1
-1808119063,1
950494384,1
954932970,1
1432421485,1
-580429838,1
501143977,1
-1049376625,1
-1106203336,1
-982754071,1
3493026,1
-8802733,1
-1253079890,1
3641980,1
232384526,1
586878228,1
-979984055,1
112909,1
35540843,1
-696355290,1
1632323088,1
-1268695193,1
545511291,1
-1879085677,1
-608539730,1
2047053148,1
2374498,1
-982393221,1
109792566,1
2052876273,1
69916416,1
-1281586699,1
-485149584,1
-1498356339,1
-1003854816,1
3314232,1
-1003914392,1
-840209437,1
-907693164,1
1556119735,1
2573224,1
2097810772,1
3526552,1
281307103,1
1671642405,1
-578018742,1
-995321554,1
1432519139,1
548640964,1
-969179893,1
-891528531,1
1918081636,1
96946943,1
96867,1
-212603266,1
121,1
3172656,1
-1306074900,1
-1393028996,1
2078632799,1
-638421183,1
97792684,1
822897165,1
180158135,1
94925057,1
112088799,1
-892510210,1
-1502668851,1
-905948539,1
3135379,1
3032322,1
-1884319269,1
-1081440737,1
-896071454,1
1553479329,1
-308949031,1
796398804,1
857265432,1
3506402,1
-456463898,1
184404329,1
37735488,1
921909560,1
-1349126197,1
84467,1
115219,1
-1392290583,1
677743538,1
324428281,1
-1509691889,1
-1546699632,1
-64753129,1
-659450179,1
2010421946,1
83134,1
1968600364,1
-717366511,1
-2018562359,1
65905236,1
3178267,1
3522941,1
-400461205,1
106748523,1
-1166277767,1
953530445,1
2470132,1
-403412835,1
106428633,1
3065381,1
93916227,1
113012092,1
1843392579,1
94940859,1
-1600249571,1
3648623,1
-892360014,1
-1211519646,1
109538088,1
-1357518626,1
2988221,1
3347744,1
3026845,1
1971969093,1
99460019,1
-720237061,1
-895687675,1
70500595,1
790307445,1
-2004500021,1
648965365,1
-1844295705,1
3536720,1
96417,1
-840634051,1
68894,1
3452698,1
-2004323678,1
65074477,1
2123300234,1
-1787629792,1
-607208459,1
231328117,1
64745751,1
93507771,1
2062599,1
2182100,1
287341114,1
-1354846179,1
-1601723386,1
2241663,1
-1672965557,1
59174834,1
840416612,1
-512326823,1
107947789,1
1756693360,1
68382601,1
70311581,1
-389414522,1
-1361631556,1
-1638582086,1
103334151,1
973732277,1
1912251767,1
-934427789,1
1925702749,1
-256088940,1
67889174,1
102354,1
1505799617,1
3452740,1
-1090969669,1
1128850480,1
65651355,1
63463647,1
-2056551545,1
-1430287919,1
-567202649,1
-788048992,1
888645703,1
-1623837028,1
-224474626,1
3076014,1
72299,1
-1346228460,1
1230441243,1
-934813676,1
1883491145,1
-858236208,1
2109688,1
98628625,1
2107489967,1
1636699642,1
811685808,1
3148902,1
723019186,1
-1997622554,1
1612171848,1
-1884266413,1
1996548904,1
1055907708,1
-94569416,1
-1243197075,1
-205678543,1
-1589682499,1
1991259847,1
-1004262187,1
-982450867,1
2692559,1
72308,1
-341212465,1
419429936,1
-2014777276,1
3560248,1
2038644,1
150972221,1
52694398,1
-734206983,1
-1204314830,1
3016379,1
-1747580433,1
110244578,1
110727062,1
658336602,1
-416022450,1
-1380919249,1
1209143348,1
-2113358936,1
102747879,1
3314444,1
-1811099450,1
451310959,1
3195277,1
110777778,1
-1413176832,1
80212080,1
84235,1
-1211514826,1
-948814906,1
104086553,1
3506649,1
1155669816,1
98623329,1
2334629,1
-892381166,1
3500745,1
101487115,1
-930743994,1
3059621,1
-1083815289,1
3533120,1
2663101,1
3559427,1
497190015,1
95852457,1
-1109698575,1
-222737399,1
1998218229,1
3555938,1
1790932125,1
1082469668,1
-896688344,1
-1965570224,1
871771745,1
79464,1
1531718994,1
76880803,1
1179574878,1
1441924099,1
340899407,1
-109423184,1
1727949794,1
3568542,1
-162997946,1
-1139127720,1
-25407024,1
109785,1
64280026,1
809204182,1
1242932856,1
-897101588,1
3512280,1
105428,1
1926381156,1
98126492,1
113107487,1
280440210,1
-1819738453,1
64880283,1
-1068318794,1
-1224577496,1
3083764,1
1064477078,1
68511360,1
-1929091668,1
95596784,1
611740027,1
97204770,1
2398492,1
1085305164,1
-1034363863,1
-1335637322,1
-1109896779,1
-807054551,1
1687264849,1
1429828318,1
-1383290379,1
2702029,1
3046037,1
94103628,1
97428919,1
-1112998790,1
2109876177,1
-1635350969,1
97543,1
853460272,1
1126973647,1
-1930279401,1
-1822357179,1
-1795452264,1
410883740,1
1550569781,1
566588772,1
1032781188,1
1728911401,1
3056825,1
97428936,1
1926279930,1
-1323665200,1
2172222,1
94094958,1
73417974,1
-896071406,1
-1335726679,1
1164696163,1
-2137386437,1
896933251,1
-642963889,1
-1893496595,1
-864432403,1
-985752863,1
1296479807,1
-1131590372,1
110988,1
665254612,1
-1926653857,1
98123253,1
1430383056,1
2146275185,1
66673,1
1948429545,1
-1815081193,1
-778992137,1
-2140467131,1
3347395,1
109264692,1
-841943367,1
523551325,1
3094776,1
2035243687,1
-901906306,1
-1576218896,1
-865286608,1
113332071,1
95938171,1
-797084013,1
-1339126929,1
80787142,1
107028782,1
106539630,1
431441888,1
1978135986,1
95758295,1
93832333,1
-1796743461,1
389203179,1
349847969,1
-825638368,1
110552841,1
-1299739028,1
1265352773,1
-1689201485,1
97705786,1
1989037899,1
2360554,1
98539801,1
-639613938,1
925981380,1
2069656621,1
97436122,1
513185456,1
77610239,1
1540163114,1
1216985755,1
80238,1
109592339,1
-1077737875,1
546248778,1
65474674,1
1995207421,1
1376797993,1
-771416574,1
-1881757257,1
3016384,1
-579751243,1
-1310694539,1
94432067,1
-316291888,1
2112021,1
2061225514,1
-1897124593,1
96356935,1
-345857772,1
80033422,1
-2134659376,1
-2127648310,1
103653085,1
-313330813,1
96667352,1
1243100070,1
-1701171912,1
-196315310,1
109795078,1
-1059615030,1
3541773,1
687468913,1
1722171099,1
81515,1
-1754992583,1
1202599246,1
-1790511846,1
-500638582,1
-1917857233,1
-892243791,1
-1060007118,1
106422464,1
1202449188,1
540302085,1
720010741,1
-900905176,1
1729408840,1
556802941,1
1861097518,1
-1424150490,1
109854522,1
-1636321896,1
65633,1
2104482,1
1986664316,1
328083946,1
-629927831,1
1923041127,1
-903145798,1
536492892,1
78394829,1
2575714,1
506197028,1
-1447660627,1
2329,1
3194585,1
3321,1
-1949616472,1
-754131044,1
-975849183,1
1366466271,1
-1316444792,1
109637894,1
1377102405,1
-432752668,1
-1068278644,1
-909711306,1
-1261192132,1
108699073,1
1265013915,1
-766199831,1
-1237458726,1
-1237465685,1
2121976803,1
94431091,1
1236617178,1
1987346241,1
-760375645,1
1282291803,1
-1530021091,1
1912530322,1
-1102478695,1
82941,1
1308056621,1
1538951440,1
-2100372571,1
-981468142,1
-1684858151,1
-1410279218,1
-1023368385,1
-1414134101,1
-505454044,1
94761690,1
-706866653,1
-707770415,1
93921311,1
-353951458,1
2187,1
2432586,1
-1942096887,1
79578030,1
-567445985,1
1984987798,1
3175493,1
1029724670,1
-1396220002,1
-1916916110,1
109646109,1
-934437910,1
65290704,1
79899335,1
2024011939,1
-1272050039,1
-1106750929,1
3573473,1
104069929,1
-1739386068,1
-1648435769,1
-793000954,1
-892072665,1
113321695,1
-934326481,1
1712878065,1
-1386726775,1
1787951385,1
-1383467532,1
848644404,1
79969970,1
3095209,1
2245461,1
-1897612291,1
637095973,1
-892487843,1
-682788508,1
106848187,1
99463243,1
224189799,1
3178259,1
106855379,1
991966384,1
101378,1
94921667,1
-1430670728,1
109453443,1
-1891222897,1
-1979280810,1
110339814,1
109264530,1
1082420122,1
727149765,1
1924005583,1
2459444,1
3056822,1
-1721090992,1
-427353192,1
86336693,1
-422713779,1
-891993517,1
97695608,1
-991894628,1
-406540765,1
-696285262,1
-677734168,1
1648782395,1
-416189550,1
-925677868,1
-309012785,1
-1235110290,1
-934852551,1
-1548738978,1
3254867,1
-1077769574,1
-1268684262,1
-535116737,1
538253894,1
113136072,1
2138497321,1
-1813917749,1
113004866,1
555759785,1
3649559,1
-658497586,1
-1268690497,1
-1068487181,1
-1497370855,1
-1764311893,1
-168872798,1
3178594,1
-1048898919,1
60887977,1
277805291,1
283911809,1
-1396198907,1
-1396436906,1
1113542602,1
1336604955,1
-1659648748,1
96061229,1
3744723,1
-858626562,1
-895767710,1
-103677777,1
-2082587848,1
-678924703,1
80301946,1
-1670175800,1
102,1
227992689,1
-1803891271,1
1979923290,1
-2132551907,1
1557106716,1
-607810207,1
1818603897,1
1734561137,1
-1115451356,1
2696235,1
102104,1
3083741,1
2364940,1
3662,1
-2122909621,1
3178943,1
1101035227,1
115875161,1
1316809321,1
239582445,1
97304931,1
-759326750,1
-597128463,1
638148035,1
1403048670,1
3016446,1
1612281355,1
-1878655135,1
805827841,1
-982438873,1
1429809032,1
93113579,1
-877200876,1
-2107900738,1
81082065,1
-838416311,1
-804293214,1
333275486,1
-1224038304,1
1549505523,1
-717653757,1
-1800037122,1
-1662836996,1
2587257,1
-1237460524,1
224454868,1
12226152,1
107155,1
1020071796,1
287431619,1
974170912,1
3619493,1
-1822469688,1
-1971908959,1
-1282128839,1
795311618,1
3149088,1
-892368721,1
671800754,1
-646471510,1
-1634057263,1
106438728,1
280284994,1
70252013,1
99466070,1
1114081441,1
-1085184445,1
-321788952,1
3532869,1
904277635,1
452307474,1
-1221256979,1
738801440,1
-1361224287,1
2099887815,1
1351147674,1
371960121,1
-809128769,1
109442112,1
-1679184957,1
1048311476,1
1975961087,1
-1077092374,1
-1261583789,1
169969911,1
110860,1
93997814,1
3587999,1
-339724183,1
-1308786285,1
1920367559,1
-218600166,1
-1281671675,1
-1528155098,1
-779140131,1
916502121,1
-1266282122,1
1736153115,1
-889706693,1
-1063411723,1
3175989,1
2645086,1
64563297,1
-938607162,1
1025385109,1
108685061,1
-1166042430,1
3496356,1
1316515144,1
69911191,1
3154774,1
109854227,1
107144,1
97322682,1
-867495669,1
1489021522,1
3214351,1
591355503,1
670343596,1
-968916834,1
-909413638,1
104998702,1
916452313,1
-1298752217,1
2047739457,1
-184801739,1
1703773522,1
104095,1
746277059,1
109760971,1
97705668,1
-1578955233,1
235331618,1
-389784936,1
101763,1
1952726370,1
-906335517,1
93616669,1
-819941426,1
-2140591144,1
-791821796,1
-1106747582,1
312916199,1
-555401582,1
1019218085,1
83766130,1
68126,1
-606534881,1
-938165841,1
-722580653,1
-1825971114,1
2043584565,1
1090497327,1
109211271,1
-576077020,1
104987,1
3701562,1
176315394,1
-976579294,1
-1234877226,1
-1102691201,1
1830861979,1
-1698343973,1
1269554547,1
-847398795,1
-336727187,1
1810092987,1
2994714,1
109254796,1
-1386153537,1
835443870,1
-1865184503,1
1630771319,1
70454,1
476163398,1
2363,1
-1693720397,1
-909795918,1
247066671,1
-2056041052,1
-1338816589,1
97699452,1
101757,1
2035007960,1
1791316033,1
-971433230,1
106677056,1
2390655,1
-1772690384,1
101139,1
-801413763,1
-1396342996,1
1085406624,1
1913009182,1
481140672,1
-865477754,1
106428510,1
-1354842768,1
1645963884,1
-1097452776,1
107990,1
2017202788,1
-794888101,1
233068679,1
1384688322,1
-2077748476,1
-1997446077,1
67968329,1
1625580018,1
2147444528,1
74533881,1
93819384,1
804564285,1
177496119,1
-2100941660,1
899152809,1
-224107785,1
1963861629,1
-339785221,1
1097075900,1
98116820,1
3664,1
72268634,1
2066723,1
2437323,1
1956747111,1
77465618,1
-21437972,1
1985804035,1
1246054850,1
-1326460036,1
-1223748446,1
95596799,1
-1073880406,1
1984031295,1
78726770,1
104067332,1
66791,1
1125964340,1
3019944,1
2433942,1
973732265,1
109641744,1
86735,1
538740967,1
-907766766,1
3327652,1
103157327,1
-183892105,1
-1366299605,1
57535246,1
-945186692,1
95936218,1
-896071412,1
-1062833216,1
-891990146,1
240841292,1
69723858,1
2423935,1
109657594,1
3537334,1
2195776,1
2136258,1
-1286597930,1
112787,1
82033,1
-1005907468,1
-1354577984,1
-37971611,1
1535319599,1
102052053,1
-682674039,1
-339785223,1
-2008047626,1
-505715369,1
12273379,1
103338542,1
3035131,1
-1746163403,1
-931194567,1
2081517728,1
-1331586071,1
463141659,1
-19831491,1
797470672,1
-995381121,1
1538954101,1
-1708739922,1
-1953496712,1
123270370,1
502627854,1
2124121167,1
-1597530119,1
73293463,1
-81857940,1
782949780,1
-212619056,1
-803223121,1
2124676057,1
1998035738,1
-1272055904,1
103184,1
3705232,1
-423291454,1
853425690,1
-2039894330,1
3056216,1
97622029,1
96651962,1
1987346258,1
109452007,1
2107367690,1
69066464,1
739012024,1
106910,1
-1291329255,1
3262281,1
-877385578,1
99467930,1
-1879145925,1
940636025,1
951024288,1
65786,1
-1807640935,1
-2020581441,1
2053396854,1
626483269,1
3535235,1
97705870,1
-34192719,1
-1396158280,1
-892066640,1
-1034198809,1
-1221262756,1
-1323779336,1
-1388770316,1
83766363,1
3351805,1
109645923,1
1226127476,1
2002742940,1
-455413135,1
225378823,1
-1724403993,1
-349162060,1
-902467812,1
101391,1
-664572875,1
2337,1
95845288,1
-2127716583,1
-995607032,1
-599760865,1
1941397120,1
-987309468,1
556385140,1
2092801345,1
1385264134,1
-371986662,1
327774286,1
110624794,1
292865411,1
289128229,1
1275004500,1
-760125383,1
1632917990,1
-1449666081,1
1276059676,1
3202695,1
-1272048954,1
1778217274,1
-501205363,1
75032360,1
2606829,1
1795442690,1
1151685166,1
80223657,1
-1851051397,1
1785028280,1
109403485,1
3556342,1
-873453285,1
-938285885,1
374223884,1
696181883,1
-660072763,1
-1694759930,1
-1297282981,1
145248910,1
-718837726,1
77118615,1
812757528,1
1383616118,1
-1320459553,1
-1276089925,1
795728692,1
1095483073,1
-1345688218,1
890510256,1
-1623837014,1
109641689,1
-1376977829,1
94001400,1
60895824,1
1400606342,1
2045353316,1
-2019063985,1
-1677213875,1
94627584,1
-859123185,1
-962590887,1
-865287327,1
1638117918,1
-554545816,1
-1528351410,1
1551916758,1
-826478549,1
-1126830451,1
70068,1
74233217,1
-965481841,1
-414766285,1
97532704,1
-2131113261,1
-410956685,1
954925063,1
-1607445777,1
80576354,1
106552123,1
1539964610,1
83459757,1
2400818,1
3566071,1
-571607163,1
-485461388,1
97784083,1
103659589,1
-552631723,1
110132395,1
97532362,1
-828534762,1
97612946,1
94756378,1
113322439,1
299066663,1
-1781004809,1
97007,1
2588725,1
-1661628965,1
-1027294985,1
103157333,1
85351,1
1073584312,1
97532520,1
2054222044,1
-216836494,1
70,1
-1096892289,1
21206239,1
348607176,1
2227946,1
68066119,1
3700,1
1580678140,1
-1346298390,1
-965574779,1
1875091489,1
936565326,1
-965753866,1
-1108299105,1
3500252,1
1698894778,1
109210249,1
-892498197,1
1707480428,1
-167589893,1
106437350,1
-1278411755,1
-1271817136,1
1024911335,1
3016248,1
1831514992,1
94756405,1
-1139636546,1
2030001210,1
-1383413700,1
1714455822,1
885629712,1
1343481750,1
-862431570,1
-902589641,1
785848970,1
109526418,1
-934890016,1
3649545,1
-705557788,1
27957641,1
-2005454144,1
-1496914075,1
878922219,1
-1070361980,1
-1914629596,1
2228275,1
79718,1
83349319,1
106198,1
691633666,1
-2024178096,1
-1661941290,1
-2005519621,1
94623726,1
1716480303,1
1321823708,1
3146030,1
-202715429,1
35041544,1
-788730147,1
96397422,1
-613887565,1
-1352290414,1
2587372,1
3441010,1
3506418,1
1732829601,1
-690661114,1
-2008194105,1
1518327835,1
110371416,1
109757253,1
-644372944,1
1431943531,1
-810883302,1
459818137,1
341897236,1
-903068430,1
-494112850,1
1419422322,1
628380270,1
363648432,1
34270934,1
2069649857,1
1207025586,1
983697550,1
246043446,1
95844856,1
2111697276,1
-342500282,1
1094504697,1
-840170026,1
-903568142,1
95474938,1
1799082039,1
-1396196922,1
-309121332,1
-1008476217,1
-1357933762,1
406977496,1
-1367587007,1
2083934614,1
3541072,1
3112486,1
110538,1
115576,1
94419979,1
113309414,1
114922338,1
594385320,1
-1315400234,1
-1307898054,1
-819528637,1
575226506,1
2988191,1
1856465709,1
3135100,1
1671873153,1
1038325197,1
109413654,1
79847204,1
-1278515761,1
-1028590801,1
108704329,1
1224452147,1
-801272475,1
-1727242804,1
100313435,1
706951208,1
-903562376,1
-11050997,1
2089283897,1
1957244919,1
-529856340,1
-217344164,1
1206414804,1
537538120,1
823023070,1
-1990043681,1
70320310,1
2135705,1
1544312090,1
-1335246070,1
-1841492408,1
835643027,1
3526272,1
1549887614,1
77238,1
-794976118,1
-500773778,1
-1279552451,1
25933613,1
-782173666,1
-1183788580,1
1858679602,1
-903145317,1
-988207903,1
443164224,1
2011163383,1
-1634924361,1
2076240793,1
-346171831,1
-589218444,1
1195450719,1
1916056525,1
1366973465,1
-1045618853,1
725815889,1
2143415249,1
-1380923564,1
-1606531852,1
-430332880,1
-1339112567,1
-1082285536,1
530048859,1
97325637,1
104248657,1
62571008,1
1739248818,1
108476,1
-722580668,1
65074912,1
-1354795126,1
-2070015248,1
508048607,1
1085069600,1
1346405610,1
94750389,1
76270,1
-2013585608,1
94099846,1
103497,1
-1662711786,1
111550345,1
-1850654380,1
-1310311393,1
-1361222304,1
94637180,1
1541877725,1
1989774883,1
-907552866,1
1442490128,1
1839926263,1
106426308,1
670758025,1
228972607,1
103659588,1
1711304007,1
-1306084975,1
-862592328,1
-893690049,1
-2081562821,1
1052666732,1
3452664,1
-1003761773,1
2078398431,1
2368284,1
1920130885,1
-508256077,1
1094603199,1
-640457102,1
657608902,1
-1379227070,1
-224252140,1
105008818,1
758141714,1
105948115,1
103163712,1
1458181501,1
65925268,1
-1839799354,1
109770929,1
-934918565,1
1383426440,1
-254754989,1
93747835,1
706951170,1
3649607,1
3045983,1
-1724147368,1
-1389337320,1
-791707519,1
-1137066421,1
110875,1
3181391,1
945975357,1
111582340,1
1201305734,1
-1984500818,1
108820,1
-1276242363,1
552585030,1
2104391859,1
97205822,1
-1386334174,1
-378908559,1
150270863,1
-843913215,1
-1361218025,1
-1211372613,1
-982571953,1
-843198196,1
-1377934078,1
50716538,1
-324767659,1
114862307,1
113101810,1
109413407,1
-1059468613,1
-1476182261,1
1259008533,1
-2009954250,1
-1049482625,1
-1102601828,1
376355630,1
-1209273487,1
-546988388,1
3027047,1
895998791,1
3529140,1
-1211618629,1
-1274639644,1
-1773536134,1
-986476960,1
1780253442,1
782949795,1
551943784,1
-46425984,1
93614183,1
64068625,1
703811809,1
665918131,1
93610847,1
96653192,1
1415146529,1
99451866,1
106840034,1
1140956004,1
1567353726,1
1267503408,1
-982926127,1
2999138,1
1347763456,1
-1449690122,1
-981927346,1
-1487110670,1
106431112,1
-1345968030,1
106931267,1
508099209,1
2108003192,1
204169482,1
-160710468,1
1435229325,1
-1074043791,1
96947252,1
94921873,1
2068533642,1
108397200,1
-804710329,1
-1405861869,1
137174003,1
-957517337,1
74856,1
-903338953,1
133626717,1
-44610010,1
2689,1
79853779,1
2067251134,1
78868691,1
-995792081,1
-95168833,1
-1116877487,1
1970241253,1
-717775712,1
-343811812,1
-571395033,1
69605,1
-685180305,1
3314449,1
80828910,1
65896243,1
561056480,1
-261933167,1
3552453,1
94103684,1
2024019467,1
83462675,1
69066467,1
-1212698038,1
1992252532,1
1270120576,1
-1310330519,1
1534519348,1
109770465,1
1085547216,1
3035624,1
-594016935,1
3046052,1
-1950496919,1
106881281,1
64058205,1
41785562,1
3446929,1
-1684858189,1
366286340,1
-964777223,1
99052674,1
-1323533605,1
-1211647009,1
698310879,1
3089136,1
-934979269,1
145473038,1
2036690893,1
-1895945628,1
1241816592,1
141050885,1
698310894,1
3138974,1
-96150338,1
-1764554162,1
2025229810,1
1264728405,1
-892073636,1
1893405558,1
-58612657,1
172805026,1
3532159,1
-1409474114,1
-1053875706,1
283721064,1
-144731498,1
906462554,1
93509492,1
109645943,1
109776261,1
-2065647490,1
73828,1
-891980232,1
104078839,1
-1642385215,1
1912596631,1
-919806040,1
1741543294,1
-505691143,1
1663681035,1
-1320440332,1
-503019530,1
838989014,1
3095028,1
1941253529,1
-1361399128,1
-1271466774,1
518814479,1
610715095,1
-1543669319,1
2374546,1
94852023,1
99288888,1
-1798554828,1
109399597,1
109757585,1
97308557,1
1632323103,1
-896682498,1
109850228,1
-1212021814,1
-1865184518,1
-977310492,1
109757182,1
63031443,1
3029746,1
-985752743,1
-938091864,1
-1285572140,1
-877324069,1
110236648,1
-1097130617,1
-1221253615,1
-2027574035,1
1402688123,1
66125937,1
-1165568436,1
-1272051114,1
-880893476,1
108957,1
150269168,1
111622434,1
3321579,1
-1964947372,1
105224,1
-1853698800,1
-1131323780,1
-576543506,1
-1659999318,1
-1361525556,1
696789104,1
-931103690,1
-1852006340,1
-1353359095,1
-2114782937,1
-1097093376,1
-142106307,1
1572795056,1
2079510557,1
343770556,1
-1414973778,1
958484626,1
-458342988,1
1823996737,1
-1723832340,1
65665,1
-1597461016,1
-1102761116,1
355491031,1
-1261192138,1
3059156,1
3035411,1
-163813292,1
-1225028,1
1082290915,1
-1630087837,1
-67787455,1
67876264,1
-715059903,1
950199756,1
3076116,1
1959233222,1
-799233872,1
3198970,1
3459,1
3681,1
-393940263,1
-1139636430,1
348745702,1
556385006,1
110461,1
-934535283,1
-1078035567,1
-934438288,1
-1850571120,1
-600442189,1
-1073893451,1
-390600384,1
-1361632388,1
-637053988,1
-516183474,1
-1456771039,1
99828,1
-1600030548,1
-409490351,1
-1511498407,1
-1338587750,1
114054,1
1676541919,1
-905054194,1
-195683396,1
-1808203570,1
-895679987,1
-1422446064,1
280135628,1
2045826,1
68065995,1
-554368630,1
106940740,1
-909978027,1
934049803,1
412083453,1
-242327420,1
2394215,1
97797798,1
1020073718,1
991970060,1
54470204,1
3441214,1
-1787414752,1
-779574652,1
-1361641006,1
105745905,1
504285812,1
-326676899,1
63227297,1
109780,1
-1206119216,1
3357007,1
-6389935,1
1707484136,1
-1409151606,1
2034151,1
-795273894,1
1633526572,1
2581920,1
114858635,1
2024120186,1
3165573,1
108523396,1
-1538552157,1
1349487322,1
110621003,1
-903331617,1
-537188628,1
100361436,1
110621190,1
1839261074,1
-1354528536,1
-712230972,1
598862868,1
104084791,1
109776599,1
1955464506,1
2583454,1
1089448450,1
93090825,1
1346159782,1
-1237647076,1
2576157,1
1551948012,1
1083184555,1
79144350,1
665235478,1
-54328711,1
103157406,1
69952,1
407415886,1
452301547,1
822708837,1
-712048586,1
-1078115414,1
99273585,1
1970177987,1
97738,1
-1383716431,1
70086306,1
2062934,1
1949304161,1
79313590,1
-1943302312,1
-1068338096,1
-862428574,1
-852536547,1
-1211601316,1
95470367,1
795517599,1
2054228503,1
-1263390300,1
-2065781069,1
1064004723,1
103659708,1
738943802,1
100053267,1
-138151420,1
-1346298614,1
-1934018219,1
-1184266647,1
-2122658801,1
-992224013,1
-1266402665,1
1310997475,1
866006127,1
357006176,1
1052123155,1
-1941814895,1
-575971812,1
-26658124,1
1839260940,1
328711879,1
1436115569,1
1012583825,1
59685394,1
-523005967,1
-1733326369,1
102985076,1
815208963,1
-1272054757,1
795847856,1
3363105,1
-457684307,1
106441669,1
-787892419,1
467253231,1
1838766519,1
109773353,1
-1206139674,1
-934965949,1
3202679,1
-1302915788,1
1316689071,1
3208579,1
3532881,1
3165055,1
-1354815177,1
3236938,1
106934601,1
109518925,1
509022169,1
-1349119470,1
1439960494,1
-1335772033,1
94761957,1
-1629776180,1
-1322977439,1
1608369146,1
-107468112,1
1338437395,1
97621843,1
1567154823,1
-135142217,1
-1381030494,1
1514258249,1
-1337638577,1
3536271,1
1757705898,1
-1472836964,1
-619637083,1
2064918619,1
-1048840724,1
-995483545,1
-820635695,1
-621369835,1
-434214934,1
-502104592,1
847828945,1
-1748055385,1
1301494146,1
106428509,1
2086960436,1
3127327,1
-603484889,1
109251090,1
1588557655,1
1584677559,1
3151483,1
1693538148,1
93509978,1
627555705,1
-1318420538,1
2011701169,1
104696472,1
-190110861,1
2105869,1
-1679245020,1
1730766753,1
2078303277,1
66714904,1
1937566483,1
-1321326303,1
109687090,1
-332427861,1
-749076257,1
3318200,1
-597222464,1
-1392466439,1
-1237879421,1
109532587,1
-795140435,1
106914,1
73771720,1
-634565710,1
-609016686,1
72736,1
-1990380854,1
-1335779815,1
-1074248009,1
3208476,1
94110251,1
3089079,1
-1653211292,1
2110049805,1
97441057,1
-836906175,1
1551261576,1
557191019,1
113135979,1
3565938,1
-970454411,1
2683,1
-1658257457,1
-704300547,1
96658059,1
-1717911905,1
-1937423856,1
-1147968258,1
679060429,1
565136640,1
-2116852960,1
-1884262584,1
2080421264,1
2652,1
2663104,1
-2013110606,1
-678927291,1
-976879964,1
291148981,1
97533,1
-603797674,1
213681768,1
112902938,1
1419079223,1
407533341,1
796741864,1
528859330,1
108511787,1
2076098,1
2070621,1
-720202161,1
3414791,1
-1808985338,1
-1634167441,1
1364535378,1
-1367592757,1
7133857,1
7081963,1
117591,1
-234285893,1
-840243052,1
-1139665786,1
201698730,1
-677614758,1
974299529,1
1923926499,1
-1822358833,1
1926114719,1
1028545823,1
73604500,1
3195127,1
95858498,1
-1364402253,1
-832538937,1
3433613,1
-898834994,1
834525767,1
287862013,1
3500592,1
-1014105567,1
2106116,1
66994738,1
110342628,1
-52151785,1
-1762120320,1
3016376,1
1805883581,1
110778151,1
-1303813531,1
1823993029,1
-1319358901,1
65925080,1
80026105,1
1126765110,1
102974396,1
-1851942053,1
2210152,1
2193567,1
76080,1
82603943,1
-491222947,1
1032623346,1
228020004,1
1616463972,1
-1597842572,1
-1383716416,1
-1352158013,1
-1249497187,1
3092021,1
-759374391,1
97791946,1
916621285,1
1965671812,1
-748101684,1
-19311412,1
-941561245,1
451979860,1
93610598,1
576985957,1
-862763136,1
-810698576,1
-2040341195,1
-1703882230,1
-781601449,1
97526417,1
-791578560,1
-361325481,1
103891625,1
-1338959778,1
102190150,1
-1830552848,1
1223501183,1
973576630,1
1436738261,1
77494,1
-518197645,1
-938307346,1
78834051,1
1028483046,1
2096675834,1
-792024628,1
-768660821,1
-1388811331,1
-1965110538,1
83549193,1
106748863,1
3433608,1
-1520742270,1
107943722,1
-2097570949,1
-2022869828,1
103785424,1
3321824,1
81224968,1
77477,1
1585581922,1
399321101,1
3292055,1
-196794451,1
-389539734,1
-576300509,1
-896192467,1
94935223,1
739062832,1
-565356165,1
-2038164904,1
2175106,1
547301227,1
-1109939049,1
-1552004522,1
2039624582,1
-1545477013,1
1957570017,1
-1011902245,1
2039743043,1
-909893934,1
1052964649,1
-1048914384,1
-712234680,1
-1389262352,1
2017616439,1
1446633788,1
109542093,1
-982749432,1
-1822412652,1
80778567,1
95994082,1
99459988,1
2110150202,1
103149406,1
-976695234,1
-1811483803,1
2227820,1
64369290,1
370085854,1
-1755748902,1
137968327,1
812449305,1
113004756,1
2280,1
2022574884,1
-1381041007,1
1365886023,1
76090,1
2664646,1
66649494,1
-865597868,1
3575610,1
-759849369,1
-1852006665,1
1317860896,1
79146401,1
3387367,1
881128270,1
599824783,1
-865290334,1
81088056,1
-410557369,1
3227624,1
81076074,1
-1421371233,1
1484529991,1
-1081267614,1
-108220795,1
337125969,1
109638398,1
757376421,1
1287859513,1
79889178,1
-905826507,1
-836005112,1
-1206119211,1
-911521428,1
-1067215579,1
-1059117506,1
-1997400446,1
-364993860,1
1412281049,1
2122640,1
1380111296,1
-1062813327,1
302796056,1
109526959,1
2394603,1
111976392,1
1347878608,1
-345974071,1
682928187,1
-1352294148,1
-891064586,1
-229112673,1
2336366,1
111972721,1
1977870135,1
3611920,1
97513267,1
78780834,1
-906336798,1
2090188833,1
997916693,1
79765922,1
-1091587807,1
92760212,1
-1367713533,1
-567773239,1
106431361,1
112680,1
-678828191,1
-1335787279,1
555366300,1
-518861709,1
114862183,1
2306910,1
98615731,1
1333068502,1
3543440,1
2092671,1
102977274,1
-1784319558,1
-968990413,1
-668483722,1
-1560838359,1
1847674614,1
-368665674,1
364203111,1
-1488332635,1
-318188072,1
-304237063,1
-34039327,1
-892066909,1
-1089089334,1
-2141605087,1
-1392797804,1
-1376180952,1
-1339995535,1
110640516,1
-1605575130,1
554145182,1
1550348642,1
-1077617512,1
161067296,1
-1063752135,1
97412,1
2043325,1
3327858,1
103163698,1
-1224385514,1
-1081306068,1
109403487,1
1652234408,1
-1752173898,1
-1081571066,1
2189910,1
-1335220077,1
-840447568,1
-731943725,1
3079315,1
-1224393881,1
-1944836172,1
2098708725,1
115168979,1
1845459388,1
-868335013,1
69430,1
105186077,1
-490589845,1
1097513870,1
97520988,1
-1764396436,1
975628804,1
-925677870,1
-650390726,1
1715648628,1
-2143202801,1
18029913,1
240425879,1
-860088995,1
1534340558,1
108523402,1
1943581824,1
757090231,1
98622975,1
1091832591,1
50567583,1
164482520,1
1993444667,1
757090449,1
101397,1
2067243278,1
-425736795,1
2573240,1
-504559085,1
-269014906,1
742314403,1
-1335721208,1
1983971035,1
3214370,1
-1453456037,1
-795376637,1
-1798750226,1
-1263417476,1
-1621941147,1
3559442,1
1312069951,1
-1177318867,1
2039599,1
3083674,1
-938578871,1
-1857025509,1
93223517,1
99465,1
-1504825505,1
102053727,1
110124236,1
333722389,1
-1034627415,1
1427626781,1
105423,1
-1237894276,1
1926276144,1
-1185519491,1
-2017000393,1
-1145631738,1
1610774332,1
283715312,1
-873932825,1
110553121,1
-232482540,1
1360603888,1
3165387,1
3573671,1
-874443115,1
1500688369,1
-189118908,1
-785690504,1
2082329,1
703661884,1
-1081422335,1
1091905624,1
1302809999,1
